technology,DE_w1,DE_w2,DE_w3,DE_w4,DE_w5,DE_w6,DE_w7,ES_w1,ES_w2,ES_w3,ES_w4,ES_w5,ES_w6,ES_w7,PT_w1,PT_w2,PT_w3,PT_w4,PT_w5,PT_w6,PT_w7,FR_w1,FR_w2,FR_w3,FR_w4,FR_w5,FR_w6,FR_w7,IT_w1,IT_w2,IT_w3,IT_w4,IT_w5,IT_w6,IT_w7
Solar,45435.0,48376.4,53537.9,58002.3,63366.0,77015.6,86951.6,6751.1,8465.8,11389.5,14639.9,18522.5,23867.3,29047.0,323.5,413.4,569.2,1031.9,1332.3,1810.8,2588.6,8188.0,9437.8,10212.8,13153.8,14638.8,17794.9,22860.0,4717.0,4874.0,4979.0,5137.0,5431.0,5927.0,8922.0
Onshore wind,52945.6,53338.2,54666.2,55456.3,57741.6,60048.6,63403.2,22960.6,24446.6,26663.6,27734.8,29320.4,30159.3,30931.9,5126.6,5180.8,5183.4,5328.0,5328.4,5332.8,5366.1,13610.0,16577.9,17216.9,19515.5,20841.9,21701.1,22907.1,9617.0,10224.0,10302.0,10658.0,11204.0,11651.0,12233.0
Offshore wind,6393.0,7503.7,7773.8,7786.8,8128.8,8456.0,9215.0,0.0,0.0,0.0,0.0,0.0,0.0,0.0,0.0,0.0,25.0,25.0,25.0,25.0,25.0,,14.0,10.0,20.0,493.5,1003.0,1028.2,0.0,0.0,0.0,0.0,30.0,30.0,30.0
Hydro pumped (production),9422.0,9421.5,9421.5,9379.2,9379.0,9449.0,9383.8,5645.4,5645.4,5645.4,5695.4,3417.5,3417.5,3417.5,2820.0,2820.0,2820.0,2827.4,3707.4,3707.4,3707.4,5023.0,5064.0,5064.0,5050.0,5051.0,5060.7,5060.8,7574.0,7276.0,7276.0,7256.0,7256.0,7256.0,7245.0
Hydro reservoir,1309.0,1308.5,1308.5,1309.0,1345.0,1392.0,1459.8,19145.8,19139.4,19185.7,19186.7,15772.7,15771.4,15764.6,1515.3,1515.3,1515.3,1515.3,1633.4,1629.0,1789.0,8279.0,8785.1,8785.1,8785.2,8787.3,8791.1,8791.1,3857.0,4459.0,4454.0,4441.0,4440.0,4542.0,4548.0
Hydro run-of-river,4007.9,3994.7,3838.8,3684.5,3737.2,3752.8,3923.0,1156.2,1154.8,1154.8,1154.8,1154.8,1154.8,1154.2,2857.6,2857.6,2856.8,2856.4,2856.4,2855.5,2855.5,10955.0,11475.0,11500.0,11834.1,11695.3,11705.7,11737.0,10650.0,10441.0,10472.0,10507.0,10553.0,10291.0,10317.0
Biomass,7782.1,8033.6,8447.1,8378.9,8513.8,8659.5,8851.0,507.0,554.6,704.0,702.3,707.1,707.5,709.1,604.8,678.8,684.1,681.0,647.0,681.0,687.1,1931.0,1578.2,1579.2,1300.9,1342.7,1407.7,1412.7,1538.0,1549.0,1587.0,1548.0,1534.0,1543.0,1539.0
Gas,31745.0,31793.1,32038.2,30648.7,33135.0,37584.0,38596.6,30266.3,30012.3,29969.5,29926.9,29902.6,29872.8,29943.3,4606.0,4606.2,4584.9,4519.5,4584.6,4432.7,4418.6,11952.0,12237.6,12217.6,13074.1,12892.8,12768.2,12787.7,48134.0,44287.0,43989.0,44002.0,46287.0,47228.0,47625.0
Lignite,21205.0,21067.0,20487.0,18544.3,17692.0,18365.0,15178.0,0.0,0.0,0.0,0.0,0.0,0.0,0.0,0.0,0.0,0.0,0.0,0.0,0.0,0.0,,,,,,,,0.0,0.0,0.0,0.0,0.0,0.0,0.0
Hard coal,25293.0,22458.4,23499.4,18829.5,18559.0,18411.0,15951.0,9560.7,9213.9,5977.0,4641.8,3222.6,3222.6,1819.7,1756.0,1756.0,1756.0,0.0,0.0,0.0,0.0,3966.0,1812.0,1812.0,1815.8,1815.8,1810.7,1810.7,4851.0,7617.0,6987.0,6376.0,5576.0,5583.0,5227.0
Nuclear,9516.0,8114.0,8114.0,4056.0,4056.0,,,7117.2,7117.2,7117.2,7117.2,7117.2,7117.2,7117.2,0.0,0.0,0.0,0.0,0.0,0.0,0.0,63130.0,63130.0,61370.0,61370.0,61370.0,61370.0,62990.0,,,,,,,
Solar,45435.0,48376.4,53537.9,58002.3,63366.0,77015.6,86951.6,6751.1,8465.8,11389.5,14639.9,18522.5,23867.3,29047.0,323.5,413.4,569.2,1031.9,1332.3,1810.8,2588.6,8188.0,9437.8,10212.8,13153.8,14638.8,17794.9,22860.0,4717.0,4874.0,4979.0,5137.0,5431.0,5927.0,8922.0
Onshore wind,52945.6,53338.2,54666.2,55456.3,57741.6,60048.6,63403.2,22960.6,24446.6,26663.6,27734.8,29320.4,30159.3,30931.9,5126.6,5180.8,5183.4,5328.0,5328.4,5332.8,5366.1,13610.0,16577.9,17216.9,19515.5,20841.9,21701.1,22907.1,9617.0,10224.0,10302.0,10658.0,11204.0,11651.0,12233.0
Hydro run-of-river,4007.9,3994.7,3838.8,3684.5,3737.2,3752.8,3923.0,1156.2,1154.8,1154.8,1154.8,1154.8,1154.8,1154.2,2857.6,2857.6,2856.8,2856.4,2856.4,2855.5,2855.5,10955.0,11475.0,11500.0,11834.1,11695.3,11705.7,11737.0,10650.0,10441.0,10472.0,10507.0,10553.0,10291.0,10317.0
Hydro reservoir,1309.0,1308.5,1308.5,1309.0,1345.0,1392.0,1459.8,19145.8,19139.4,19185.7,19186.7,15772.7,15771.4,15764.6,1515.3,1515.3,1515.3,1515.3,1633.4,1629.0,1789.0,8279.0,8785.1,8785.1,8785.2,8787.3,8791.1,8791.1,3857.0,4459.0,4454.0,4441.0,4440.0,4542.0,4548.0
Hydro pumped (production),9422.0,9421.5,9421.5,9379.2,9379.0,9449.0,9383.8,5645.4,5645.4,5645.4,5695.4,3417.5,3417.5,3417.5,2820.0,2820.0,2820.0,2827.4,3707.4,3707.4,3707.4,5023.0,5064.0,5064.0,5050.0,5051.0,5060.7,5060.8,7574.0,7276.0,7276.0,7256.0,7256.0,7256.0,7245.0
Biomass,7782.1,8033.6,8447.1,8378.9,8513.8,8659.5,8851.0,507.0,554.6,704.0,702.3,707.1,707.5,709.1,604.8,678.8,684.1,681.0,647.0,681.0,687.1,1931.0,1578.2,1579.2,1300.9,1342.7,1407.7,1412.7,1538.0,1549.0,1587.0,1548.0,1534.0,1543.0,1539.0
Gas,31745.0,31793.1,32038.2,30648.7,33135.0,37584.0,38596.6,30266.3,30012.3,29969.5,29926.9,29902.6,29872.8,29943.3,4606.0,4606.2,4584.9,4519.5,4584.6,4432.7,4418.6,11952.0,12237.6,12217.6,13074.1,12892.8,12768.2,12787.7,48134.0,44287.0,43989.0,44002.0,46287.0,47228.0,47625.0
Oil & other fossil,4356.0,4372.5,4184.4,3966.3,4083.0,4118.0,6913.8,713.8,706.5,678.4,669.0,669.7,703.7,672.2,0.0,0.0,0.0,0.0,0.0,0.0,0.0,3271.0,2874.2,2746.2,2761.8,2565.8,2970.9,2978.9,1443.0,1493.0,1480.0,1490.0,1543.0,1564.0,1548.0
Waste,1707.0,1681.6,1660.6,1619.5,1933.0,1832.0,1887.0,537.6,543.1,537.1,565.3,545.9,545.9,545.9,0.0,0.0,0.0,0.0,0.0,0.0,0.0,,460.2,460.2,947.2,928.8,1033.4,1062.7,132.0,125.0,125.0,122.0,120.0,670.0,671.0
Geothermal,41.8,47.5,43.9,50.9,55.6,54.0,46.0,0.0,0.0,0.0,0.0,0.0,0.0,0.0,0.0,0.0,0.0,0.0,0.0,0.0,0.0,,,,1.8,1.8,1.8,1.8,869.0,869.0,869.0,869.0,869.0,868.0,868.0
Marine,0.0,0.0,0.0,0.0,0.0,0.0,0.0,0.0,0.0,0.0,0.0,0.0,0.0,0.0,0.0,0.0,0.0,0.0,0.0,0.0,0.0,240.0,246.0,246.0,242.8,242.8,243.1,243.1,0.0,0.0,0.0,0.0,0.0,0.0,0.0
Other renewable,444.6,407.5,420.3,352.4,384.2,356.4,399.7,260.9,274.8,268.8,271.7,284.9,286.9,620.7,0.0,0.0,0.0,0.0,0.0,0.0,0.0,,,,,,,,0.0,0.0,0.0,0.0,0.0,1.0,1.0
Other,1235.0,1557.8,1638.8,1678.8,1706.0,1630.0,13287.5,117.4,117.4,117.4,118.4,118.4,122.2,129.6,36.2,8.0,28.0,28.0,28.0,28.0,28.0,108.0,1069.8,1119.8,1156.7,1145.2,802.5,1023.0,991.0,1394.0,837.0,825.0,853.0,334.0,437.0
