row,win_year,f1_Ge_w,f1_Sp_w,f1_Po_w,f1_Fr_w,f1_It_w,f3_Ge_w,f3_Sp_w,f3_Po_w,f3_Fr_w,f3_It_w,i_DE_w1,i_DE_w2,i_DE_w3,i_DE_w4,i_DE_w5,i_DE_w6,i_DE_w7,i_DE_w8,i_ES_w1,i_ES_w2,i_ES_w3,i_ES_w4,i_ES_w5,i_ES_w6,i_ES_w7,i_ES_w8,a_DE_w1,a_DE_w2,a_DE_w3,a_DE_w4,a_DE_w5,a_DE_w6,a_DE_w7,a_DE_w8,c_DE_w1,c_DE_w2,c_DE_w3,c_DE_w4,c_DE_w5,c_DE_w6,c_DE_w7,c_DE_w8,c_ES_w1,c_ES_w2,c_ES_w3,c_ES_w4,c_ES_w5,c_ES_w6,c_ES_w7,c_ES_w8,d_PT_w1,d_PT_w2,d_PT_w3,d_PT_w4,d_PT_w5,d_PT_w6,d_PT_w7,d_PT_w8,n_DE_w1,n_DE_w2,n_DE_w3,n_DE_w4,n_DE_w5,n_DE_w6,n_DE_w7,n_DE_w8
1,2019,15.52,10.88,10.81,14.02,12.67,211.0,0.0,0.0,27.0,0.0,0.7721,0.7574,0.7706,0.8372,0.8402,0.8513,0.9172,1.0416,0.9061,0.8751,0.9254,0.9481,0.9757,1.0188,1.0733,1.2545,29.08,23.08,74.64,197.11,79.97,66.84,81.93,103.72,21.0,0.0,0.0,0.0,14.0,11.0,17.0,11.0,0.0,0.0,0.0,0.0,15.0,0.0,0.0,0.0,74.74,68.9,409.0,651.0,220.0,193.0,240.0,255.16,31.06,29.22,33.71,29.82,25.37,26.77,27.46,28.75
2,2020,17.5,11.42,11.26,16.11,14.63,298.0,0.0,0.0,102.0,0.0,0.7461,0.7187,0.7456,0.8143,0.8162,0.8299,0.8967,1.0215,0.8718,0.8319,0.8945,0.9131,0.9438,0.9847,1.0182,1.207,28.1,21.9,72.21,191.73,77.68,65.16,80.1,101.73,27.0,0.0,0.0,1.0,14.0,12.0,17.0,12.0,0.0,0.0,0.0,0.0,15.0,0.0,0.0,0.0,69.81,56.62,334.55,395.65,165.22,158.47,169.22,178.78,30.92,29.04,33.54,29.76,25.25,26.55,27.23,28.71
3,2021,73.68,74.71,74.7,84.31,81.08,139.0,0.0,0.0,64.0,0.0,0.7387,0.7029,0.7413,0.81,0.8094,0.8244,0.9008,1.0229,0.8545,0.8111,0.8673,0.896,0.9194,0.9566,0.9882,1.1737,27.82,21.42,71.8,190.72,77.04,64.72,80.46,101.87,27.0,2.0,0.0,6.0,14.0,17.0,17.0,12.0,0.0,0.0,0.0,0.0,15.0,0.0,0.0,0.0,68.4,54.56,307.92,330.07,159.37,150.0,157.84,171.71,31.66,29.72,34.24,30.51,25.89,27.1,27.84,29.39
4,2022,142.82,69.46,69.13,145.84,133.15,70.0,0.0,0.0,4.0,0.0,0.7738,0.7458,0.7799,0.8564,0.8489,0.8705,0.9477,1.0514,0.8604,0.8215,0.8686,0.9061,0.9303,0.9597,0.996,1.19,29.15,22.73,75.53,201.63,80.8,68.35,84.66,104.7,27.0,4.0,0.0,6.0,16.0,17.0,17.0,12.0,0.0,0.0,0.0,0.0,15.0,0.0,0.0,0.0,67.66,53.28,285.23,291.01,153.93,144.38,150.99,165.68,33.53,31.49,36.03,32.27,27.61,28.69,29.58,30.9
5,2023,47.58,41.34,39.93,45.53,35.59,300.0,0.0,0.0,147.0,0.0,0.9055,0.8905,0.913,0.9875,0.9863,1.0208,1.0628,1.1351,0.8944,0.8858,0.9268,0.96,1.0045,1.0305,1.0744,1.2774,34.11,27.14,88.42,232.5,93.88,80.14,94.94,113.04,27.0,4.0,0.0,6.0,19.0,17.0,17.0,12.0,0.0,0.0,0.0,0.0,15.0,0.0,0.0,0.0,66.5,52.53,265.35,278.0,150.0,140.09,145.0,159.42,37.41,34.95,39.51,35.62,30.89,31.79,32.75,33.45
6,2024,52.73,45.94,45.57,40.66,29.66,457.0,247.0,196.0,352.0,0.0,1.0721,1.0666,1.0695,1.1114,1.1422,1.1649,1.1869,1.1786,0.9586,0.9629,0.9956,1.044,1.1035,1.168,1.2294,1.3521,40.38,32.5,103.58,261.66,108.71,91.46,106.03,117.37,27.0,4.0,0.0,6.0,19.0,17.0,17.0,12.0,0.0,0.0,0.0,0.0,15.0,0.0,0.0,4.0,65.0,51.73,254.76,268.04,146.73,136.59,138.86,154.3,41.26,38.43,42.84,38.62,33.81,34.43,35.17,34.65
7,2025,52.09,47.61,46.44,46.38,29.69,576.0,556.0,200.0,513.0,0.0,1.1763,1.1929,1.1878,1.1791,1.182,1.19,1.2039,1.1383,1.0297,1.0354,1.0603,1.0961,1.1621,1.2049,1.2756,1.2363,44.31,36.35,115.04,277.6,112.5,93.43,107.54,113.36,27.0,4.0,0.0,6.0,19.0,17.0,17.0,12.0,0.0,0.0,0.0,0.0,15.0,0.0,0.0,4.0,63.64,50.92,248.02,260.79,143.9,133.02,134.42,149.51,43.1,40.07,44.27,39.48,34.58,34.85,34.87,32.7
8,,,,,,,,,,,,1.1559,1.1741,1.1647,1.1165,1.1216,1.0695,1.0825,0.9707,1.0604,1.0647,1.0697,1.0756,1.1047,1.0979,1.0803,0.8972,43.54,35.78,112.8,262.88,106.75,83.97,96.7,96.66,27.0,6.0,0.0,6.0,19.0,17.0,17.0,12.0,0.0,0.0,0.0,0.0,15.0,0.0,0.0,4.0,62.01,50.27,240.45,255.0,141.39,130.0,130.86,142.63,42.1,38.89,43.02,37.47,32.56,32.37,31.38,27.53
9,,,,,,,,,,,,1.092,1.087,1.0992,1.0175,0.9948,0.9075,0.871,0.7692,1.0666,1.0562,1.0427,1.0114,0.9602,0.8981,0.7847,0.5707,41.13,33.12,106.46,239.56,94.68,71.25,77.8,76.6,27.0,6.0,0.0,6.0,19.0,17.0,17.0,12.0,0.0,0.0,0.0,0.0,15.0,0.0,0.0,4.0,60.8,49.87,234.04,250.0,139.48,127.32,127.94,137.22,40.03,36.63,40.73,34.44,29.43,28.73,26.71,21.87
10,,,,,,,,,,,,1.0408,1.0181,1.0419,0.9349,0.894,0.7729,0.7065,0.6023,1.0601,1.0421,1.0062,0.9489,0.846,0.7428,0.5911,0.389,39.2,31.02,100.9,220.11,85.08,60.68,63.11,59.98,27.0,6.0,0.0,6.0,19.0,17.0,17.0,12.0,0.0,0.0,0.0,0.0,15.0,0.0,0.0,4.0,59.97,49.16,228.86,247.37,137.67,124.98,125.21,133.28,38.31,34.97,38.91,31.96,26.86,25.64,22.92,17.48
11,,,,,,,,,,,,0.9913,0.9603,0.9974,0.8741,0.8147,0.6775,0.5853,0.4641,1.0513,1.0356,0.9774,0.9186,0.7939,0.6619,0.4989,0.3139,37.34,29.26,96.6,205.8,77.54,53.19,52.28,46.22,27.0,6.0,0.0,6.0,23.0,17.0,17.0,12.0,0.0,0.0,0.0,0.0,15.0,0.0,0.0,4.0,59.38,48.42,223.0,243.47,135.72,122.58,123.49,128.93,36.71,33.53,37.38,30.06,24.93,23.44,20.23,14.52
12,,,,,,,,,,,,0.9352,0.8779,0.9344,0.8171,0.7407,0.6043,0.5145,0.3629,1.0429,1.0237,0.9592,0.9013,0.7607,0.6263,0.4519,0.2783,35.23,26.75,90.49,192.37,70.5,47.45,45.96,36.14,27.0,6.0,0.0,6.0,24.0,17.0,17.0,12.0,0.0,0.0,0.0,0.0,15.0,0.0,0.0,4.0,58.9,47.86,218.3,240.0,134.0,120.72,121.16,126.42,35.54,32.21,36.01,28.87,23.71,22.16,18.94,13.18
13,,,,,,,,,,,,0.9051,0.8265,0.896,0.794,0.7126,0.5981,0.5226,0.3669,1.0159,0.9968,0.9367,0.8689,0.7224,0.5992,0.4236,0.2776,34.09,25.19,86.77,186.94,67.82,46.96,46.68,36.54,34.0,6.0,0.0,6.0,24.0,17.0,17.0,12.0,0.0,0.0,0.0,0.0,15.0,0.0,0.0,4.0,58.58,47.08,214.48,237.2,132.24,119.0,119.39,123.92,35.22,31.81,35.4,28.71,23.53,22.11,19.07,13.1
14,,,,,,,,,,,,0.9249,0.8626,0.9237,0.8391,0.7757,0.6839,0.6303,0.4883,0.9788,0.9489,0.8967,0.8403,0.6924,0.5827,0.4205,0.2809,34.84,26.28,89.46,197.55,73.83,53.7,56.3,48.63,38.0,6.0,0.0,6.0,24.0,17.0,17.0,12.0,0.0,0.0,0.0,0.0,15.0,0.0,0.0,4.0,58.09,46.53,207.76,233.96,130.44,117.11,117.56,121.8,36.21,32.78,36.34,30.1,24.94,23.84,21.16,15.12
15,,,,,,,,,,,,0.9734,0.9492,0.9899,0.9193,0.8939,0.8611,0.8081,0.689,0.958,0.9305,0.8911,0.8328,0.7056,0.6051,0.4749,0.3212,36.67,28.92,95.87,216.43,85.08,67.61,72.18,68.61,38.0,7.0,0.0,6.0,28.0,17.0,17.0,12.0,0.0,0.0,0.0,0.0,15.0,0.0,0.0,4.0,57.75,46.07,202.0,230.04,129.74,115.74,115.86,119.63,38.4,35.06,38.7,32.99,28.0,27.45,25.34,19.71
16,,,,,,,,,,,,1.0838,1.1067,1.1178,1.0711,1.0617,1.1057,1.0732,0.9653,0.9694,0.9609,0.9452,0.8761,0.7961,0.7343,0.6319,0.4161,40.82,33.72,108.26,252.18,101.05,86.81,95.86,96.13,38.0,7.0,0.0,6.0,28.0,17.0,17.0,12.0,0.0,0.0,0.0,0.0,15.0,0.0,0.0,4.0,57.32,45.56,198.41,227.98,128.36,114.3,114.72,117.99,41.8,38.78,42.62,37.41,32.66,32.77,31.31,26.54
17,,,,,,,,,,,,1.2255,1.3113,1.2771,1.2462,1.2757,1.4067,1.3794,1.2737,1.0079,1.0327,1.0329,0.9737,0.9571,0.9409,0.9031,0.628,46.16,39.96,123.69,293.42,121.42,110.44,123.22,126.84,38.0,7.0,0.0,6.0,28.0,17.0,17.0,12.0,0.0,0.0,0.0,0.0,16.0,0.0,0.0,4.0,56.94,45.07,194.06,225.01,126.96,112.83,113.55,115.48,45.63,43.05,46.92,42.17,37.6,38.29,37.88,35.05
18,,,,,,,,,,,,1.3174,1.4441,1.3402,1.3545,1.4525,1.6145,1.5787,1.5385,1.063,1.12,1.1264,1.1094,1.174,1.2047,1.2701,1.1116,49.62,44.01,129.8,318.91,138.24,126.76,141.02,153.21,38.0,7.0,0.0,6.0,28.0,17.0,17.0,12.0,0.0,0.0,0.0,0.0,21.0,2.0,0.0,4.0,56.56,44.86,190.83,222.78,125.64,111.36,112.2,113.82,47.55,45.25,49.16,44.65,40.27,41.27,41.7,40.92
19,,,,,,,,,,,,1.2799,1.3655,1.2612,1.3122,1.3938,1.5878,1.5373,1.6508,1.1092,1.1858,1.1846,1.2385,1.3689,1.4283,1.6149,1.6803,48.21,41.61,122.15,308.94,132.65,124.66,137.33,164.39,38.0,7.0,0.0,6.0,28.0,17.0,17.0,12.0,0.0,0.0,0.0,0.0,21.0,2.0,0.0,4.0,56.26,44.45,187.82,220.26,124.59,110.0,110.94,111.44,46.65,44.36,48.37,43.87,39.65,40.82,41.67,42.21
20,,,,,,,,,,,,1.1608,1.1902,1.1297,1.1945,1.2454,1.3191,1.3475,1.5149,1.1317,1.2032,1.189,1.2729,1.4044,1.5666,1.7713,1.9574,43.73,36.27,109.42,281.23,118.53,103.56,120.37,150.86,38.0,7.0,0.0,6.0,28.0,17.0,17.0,12.0,0.0,0.0,0.0,0.0,21.0,2.0,0.0,4.0,56.02,44.01,184.58,218.5,123.0,108.78,109.85,108.92,43.68,41.36,45.54,40.98,36.89,38.26,39.1,40.07
21,,,,,,,,,,,,1.0661,1.0817,1.0279,1.1062,1.1294,1.1483,1.1921,1.3441,1.0931,1.1571,1.1361,1.2047,1.3159,1.4297,1.5968,1.8373,40.16,32.96,99.56,260.44,107.49,90.16,106.49,133.85,38.0,7.0,2.0,6.0,28.0,17.0,17.0,12.0,0.0,0.0,0.0,0.0,21.0,2.0,0.0,4.0,55.78,43.66,180.3,216.01,121.88,107.2,108.61,107.16,40.61,38.4,42.71,38.08,33.93,35.43,36.15,37.21
22,,,,,,,,,,,,0.9764,0.9834,0.9357,1.0077,1.034,1.0355,1.087,1.2127,1.0384,1.0688,1.064,1.1015,1.1978,1.2844,1.3924,1.5853,36.78,29.96,90.63,237.25,98.41,81.3,97.1,120.76,38.0,7.0,2.0,6.0,28.0,17.0,17.0,12.0,0.0,0.0,0.0,0.0,21.0,2.0,0.0,4.0,55.51,43.21,177.0,214.9,120.58,105.63,107.32,104.88,37.49,35.39,39.79,35.24,31.02,32.54,33.23,34.37
23,,,,,,,,,,,,0.874,0.879,0.8442,0.9271,0.951,0.9563,1.0087,1.1296,1.0153,1.0094,1.0209,1.0566,1.121,1.1828,1.2811,1.443,32.92,26.79,81.76,218.28,90.51,75.08,90.11,112.49,38.0,7.0,2.0,6.0,28.0,17.0,17.0,12.0,0.0,0.0,0.0,0.0,21.0,2.0,0.0,6.0,55.26,42.93,173.89,212.6,119.96,104.44,106.43,103.36,34.32,32.36,36.82,32.54,28.27,29.82,30.42,31.65
24,,,,,,,,,,,,0.813,0.8075,0.8111,0.8721,0.8831,0.8994,0.9592,1.0791,0.9624,0.94,0.9829,1.0053,1.0393,1.0911,1.1575,1.3398,30.62,24.6,78.56,205.34,84.05,70.62,85.68,107.46,38.0,7.0,2.0,6.0,28.0,22.0,17.0,12.0,0.0,0.0,0.0,0.0,21.0,2.0,0.0,6.0,55.04,42.61,168.84,210.25,118.76,102.98,105.42,102.0,32.24,30.32,34.74,30.73,26.36,27.86,28.48,29.81
25,,,,,,,,,,,,,,,,,,,,,,,,,,,,,,,,,,,,38.0,7.0,2.0,6.0,28.0,22.0,17.0,12.0,0.0,0.0,0.0,0.0,21.0,2.0,0.0,12.0,54.94,42.22,162.82,208.97,117.62,101.72,104.72,100.37,,,,,,,,
26,,,,,,,,,,,,,,,,,,,,,,,,,,,,,,,,,,,,38.0,7.0,2.0,6.0,28.0,22.0,17.0,12.0,0.0,0.0,0.0,0.0,21.0,2.0,0.0,12.0,54.66,41.94,157.7,206.4,116.08,100.28,103.87,98.73,,,,,,,,
27,,,,,,,,,,,,,,,,,,,,,,,,,,,,,,,,,,,,38.0,7.0,2.0,6.0,28.0,22.0,17.0,12.0,0.0,0.0,0.0,0.0,21.0,2.0,1.0,12.0,54.47,41.63,152.54,204.86,115.09,99.64,102.68,97.6,,,,,,,,
28,,,,,,,,,,,,,,,,,,,,,,,,,,,,,,,,,,,,38.0,7.0,2.0,6.0,28.0,22.0,17.0,12.0,0.0,0.0,0.0,0.0,21.0,2.0,9.0,12.0,54.1,41.36,147.35,202.6,114.21,98.6,101.45,95.76,,,,,,,,
29,,,,,,,,,,,,,,,,,,,,,,,,,,,,,,,,,,,,38.0,7.0,2.0,6.0,28.0,22.0,17.0,12.0,0.0,0.0,0.0,0.0,21.0,2.0,9.0,12.0,53.96,41.06,141.42,200.49,113.21,96.9,100.39,94.43,,,,,,,,
30,,,,,,,,,,,,,,,,,,,,,,,,,,,,,,,,,,,,38.0,8.0,2.0,6.0,28.0,22.0,17.0,12.0,0.0,0.0,0.0,0.0,21.0,2.0,13.0,18.0,53.6,40.7,137.78,199.84,112.16,95.41,99.62,93.4,,,,,,,,
31,,,,,,,,,,,,,,,,,,,,,,,,,,,,,,,,,,,,38.0,13.0,2.0,6.0,28.0,22.0,17.0,12.0,0.0,0.0,6.0,0.0,21.0,2.0,13.0,35.0,53.29,40.37,132.5,197.65,111.0,94.2,98.21,91.66,,,,,,,,
32,,,,,,,,,,,,,,,,,,,,,,,,,,,,,,,,,,,,38.0,24.0,2.0,6.0,28.0,22.0,17.0,12.0,0.0,0.0,10.0,0.0,21.0,2.0,13.0,39.0,53.03,40.1,127.38,195.98,110.01,92.28,96.84,89.73,,,,,,,,
33,,,,,,,,,,,,,,,,,,,,,,,,,,,,,,,,,,,,38.0,31.0,2.0,6.0,28.0,22.0,17.0,12.0,0.0,0.0,10.0,0.0,21.0,2.0,13.0,49.0,52.84,40.0,122.81,194.6,109.48,90.57,95.15,88.18,,,,,,,,
34,,,,,,,,,,,,,,,,,,,,,,,,,,,,,,,,,,,,38.0,31.0,2.0,6.0,28.0,22.0,17.0,12.0,0.0,0.0,10.0,0.0,21.0,2.0,13.0,58.0,52.54,39.79,119.97,192.42,108.26,89.73,93.94,86.56,,,,,,,,
35,,,,,,,,,,,,,,,,,,,,,,,,,,,,,,,,,,,,38.0,31.0,2.0,6.0,28.0,28.0,17.0,12.0,0.0,0.0,10.0,0.0,21.0,2.0,13.0,60.0,52.27,39.53,116.73,190.2,107.0,87.99,92.38,84.86,,,,,,,,
36,,,,,,,,,,,,,,,,,,,,,,,,,,,,,,,,,,,,38.0,31.0,2.0,6.0,28.0,33.0,17.0,12.0,0.0,0.0,10.0,0.0,21.0,2.0,13.0,75.0,52.0,39.19,113.05,189.0,105.83,86.11,90.79,83.28,,,,,,,,
37,,,,,,,,,,,,,,,,,,,,,,,,,,,,,,,,,,,,38.0,31.0,3.0,8.0,28.0,33.0,17.0,12.0,0.0,0.0,10.0,0.0,21.0,2.0,13.0,89.0,51.8,38.99,110.0,186.43,105.0,85.0,89.59,81.78,,,,,,,,
38,,,,,,,,,,,,,,,,,,,,,,,,,,,,,,,,,,,,38.0,31.0,11.0,8.0,28.0,33.0,17.0,12.0,0.0,0.0,14.0,0.0,21.0,2.0,13.0,105.0,51.59,38.61,107.49,184.94,104.0,83.82,88.09,80.49,,,,,,,,
39,,,,,,,,,,,,,,,,,,,,,,,,,,,,,,,,,,,,39.0,31.0,12.0,8.0,28.0,33.0,17.0,12.0,0.0,0.0,14.0,0.0,21.0,2.0,13.0,123.0,51.38,38.3,105.12,182.49,103.09,82.29,86.08,78.76,,,,,,,,
40,,,,,,,,,,,,,,,,,,,,,,,,,,,,,,,,,,,,51.0,45.0,12.0,8.0,28.0,33.0,17.0,12.0,0.0,0.0,14.0,0.0,21.0,2.0,13.0,134.0,51.19,38.05,103.55,180.18,102.0,81.17,85.0,77.37,,,,,,,,
41,,,,,,,,,,,,,,,,,,,,,,,,,,,,,,,,,,,,52.0,51.0,12.0,8.0,28.0,33.0,17.0,12.0,0.0,0.0,14.0,0.0,21.0,10.0,13.0,148.0,51.0,37.82,101.47,179.9,101.0,79.96,83.34,75.88,,,,,,,,
42,,,,,,,,,,,,,,,,,,,,,,,,,,,,,,,,,,,,56.0,54.0,12.0,8.0,28.0,33.0,17.0,12.0,0.0,0.0,14.0,0.0,21.0,10.0,13.0,163.0,50.87,37.55,100.03,178.04,100.0,78.05,82.03,73.96,,,,,,,,
43,,,,,,,,,,,,,,,,,,,,,,,,,,,,,,,,,,,,56.0,57.0,12.0,8.0,28.0,33.0,17.0,12.0,0.0,0.0,14.0,0.0,21.0,10.0,13.0,178.0,50.55,37.21,99.19,176.07,99.7,76.15,80.4,71.23,,,,,,,,
44,,,,,,,,,,,,,,,,,,,,,,,,,,,,,,,,,,,,56.0,57.0,12.0,8.0,28.0,33.0,17.0,12.0,0.0,0.0,14.0,0.0,21.0,10.0,13.0,191.0,50.45,37.0,97.91,174.96,99.0,75.0,79.43,68.55,,,,,,,,
45,,,,,,,,,,,,,,,,,,,,,,,,,,,,,,,,,,,,56.0,57.0,12.0,8.0,28.0,33.0,17.0,12.0,0.0,0.0,14.0,0.0,21.0,10.0,13.0,208.0,50.24,36.7,96.08,172.77,97.96,73.55,78.0,65.85,,,,,,,,
46,,,,,,,,,,,,,,,,,,,,,,,,,,,,,,,,,,,,56.0,59.0,12.0,8.0,28.0,33.0,17.0,12.0,0.0,0.0,17.0,0.0,21.0,10.0,13.0,225.0,50.1,36.29,95.0,171.04,96.94,71.94,76.78,63.85,,,,,,,,
47,,,,,,,,,,,,,,,,,,,,,,,,,,,,,,,,,,,,56.0,83.0,12.0,8.0,28.0,33.0,17.0,12.0,0.0,0.0,17.0,0.0,21.0,10.0,13.0,238.0,50.0,36.06,93.51,170.0,95.7,70.74,75.47,61.62,,,,,,,,
48,,,,,,,,,,,,,,,,,,,,,,,,,,,,,,,,,,,,56.0,88.0,12.0,8.0,28.0,33.0,17.0,12.0,0.0,0.0,17.0,0.0,21.0,10.0,13.0,247.0,49.87,35.66,92.54,168.52,95.0,69.74,73.9,59.03,,,,,,,,
49,,,,,,,,,,,,,,,,,,,,,,,,,,,,,,,,,,,,56.0,88.0,12.0,8.0,28.0,33.0,17.0,12.0,0.0,0.0,17.0,0.0,21.0,10.0,13.0,252.0,49.53,35.21,91.45,166.78,94.09,68.0,72.18,55.52,,,,,,,,
50,,,,,,,,,,,,,,,,,,,,,,,,,,,,,,,,,,,,56.0,88.0,12.0,15.0,28.0,33.0,17.0,12.0,0.0,0.0,17.0,0.0,21.0,10.0,13.0,264.0,49.2,35.0,90.07,165.02,93.32,66.01,70.77,53.33,,,,,,,,
51,,,,,,,,,,,,,,,,,,,,,,,,,,,,,,,,,,,,56.0,88.0,12.0,15.0,28.0,33.0,17.0,12.0,0.0,0.0,29.0,0.0,21.0,10.0,13.0,271.0,49.0,34.64,89.5,163.95,92.5,64.93,69.99,50.03,,,,,,,,
52,,,,,,,,,,,,,,,,,,,,,,,,,,,,,,,,,,,,56.0,88.0,12.0,15.0,28.0,33.0,17.0,12.0,0.0,0.0,29.0,0.0,21.0,10.0,13.0,278.0,48.87,34.27,88.61,162.12,91.82,63.09,68.64,46.54,,,,,,,,
53,,,,,,,,,,,,,,,,,,,,,,,,,,,,,,,,,,,,56.0,110.0,12.0,15.0,28.0,33.0,17.0,12.0,0.0,0.0,29.0,0.0,21.0,10.0,13.0,286.0,48.56,34.01,87.34,160.96,91.0,61.28,66.62,43.0,,,,,,,,
54,,,,,,,,,,,,,,,,,,,,,,,,,,,,,,,,,,,,56.0,119.0,12.0,15.0,28.0,36.0,17.0,12.0,0.0,0.0,29.0,0.0,21.0,14.0,13.0,293.0,48.34,33.64,86.6,160.0,90.3,60.0,65.0,39.7,,,,,,,,
55,,,,,,,,,,,,,,,,,,,,,,,,,,,,,,,,,,,,56.0,120.0,12.0,15.0,28.0,36.0,17.0,12.0,0.0,0.0,29.0,0.0,21.0,20.0,13.0,300.0,48.03,33.32,85.08,158.26,90.0,58.83,62.56,36.74,,,,,,,,
56,,,,,,,,,,,,,,,,,,,,,,,,,,,,,,,,,,,,56.0,120.0,12.0,15.0,28.0,36.0,17.0,12.0,0.0,0.0,29.0,0.0,21.0,25.0,13.0,306.0,47.8,33.01,84.27,156.17,89.42,56.83,60.33,35.01,,,,,,,,
57,,,,,,,,,,,,,,,,,,,,,,,,,,,,,,,,,,,,56.0,120.0,12.0,15.0,28.0,36.0,17.0,12.0,0.0,0.0,29.0,0.0,21.0,33.0,13.0,313.0,47.5,32.7,83.35,155.0,88.44,55.2,58.58,33.15,,,,,,,,
58,,,,,,,,,,,,,,,,,,,,,,,,,,,,,,,,,,,,56.0,120.0,12.0,15.0,28.0,36.0,17.0,15.0,0.0,0.0,29.0,0.0,21.0,44.0,13.0,318.0,47.25,32.32,82.54,153.33,87.46,54.0,55.91,30.98,,,,,,,,
59,,,,,,,,,,,,,,,,,,,,,,,,,,,,,,,,,,,,56.0,121.0,12.0,15.0,28.0,36.0,17.0,20.0,0.0,0.0,29.0,0.0,21.0,51.0,13.0,325.0,47.01,32.05,81.07,151.94,86.24,51.99,53.69,28.96,,,,,,,,
60,,,,,,,,,,,,,,,,,,,,,,,,,,,,,,,,,,,,56.0,122.0,12.0,15.0,28.0,36.0,17.0,25.0,0.0,0.0,29.0,0.0,21.0,58.0,13.0,333.0,46.85,31.66,80.0,150.3,85.2,50.2,51.41,26.69,,,,,,,,
61,,,,,,,,,,,,,,,,,,,,,,,,,,,,,,,,,,,,56.0,137.0,12.0,15.0,28.0,36.0,17.0,25.0,0.0,0.0,29.0,0.0,21.0,71.0,13.0,338.0,46.5,31.26,79.19,149.95,84.82,49.05,50.0,24.24,,,,,,,,
62,,,,,,,,,,,,,,,,,,,,,,,,,,,,,,,,,,,,64.0,137.0,12.0,15.0,28.0,36.0,19.0,25.0,0.0,0.0,29.0,0.0,21.0,81.0,13.0,339.0,46.18,30.96,78.02,148.58,83.9,47.22,47.56,22.82,,,,,,,,
63,,,,,,,,,,,,,,,,,,,,,,,,,,,,,,,,,,,,72.0,137.0,12.0,15.0,28.0,36.0,19.0,25.0,0.0,0.0,29.0,0.0,21.0,98.0,13.0,339.0,46.0,30.58,76.72,147.62,82.85,45.38,45.59,20.54,,,,,,,,
64,,,,,,,,,,,,,,,,,,,,,,,,,,,,,,,,,,,,76.0,137.0,12.0,15.0,28.0,36.0,24.0,25.0,0.0,0.0,29.0,0.0,21.0,98.0,13.0,339.0,45.77,30.29,75.57,146.0,81.76,43.64,43.78,18.29,,,,,,,,
65,,,,,,,,,,,,,,,,,,,,,,,,,,,,,,,,,,,,76.0,137.0,12.0,15.0,28.0,36.0,26.0,25.0,0.0,0.0,29.0,0.0,21.0,98.0,13.0,339.0,45.5,30.02,74.53,144.95,80.5,41.8,41.22,15.73,,,,,,,,
66,,,,,,,,,,,,,,,,,,,,,,,,,,,,,,,,,,,,76.0,137.0,12.0,15.0,28.0,36.0,26.0,25.0,0.0,0.0,29.0,0.0,21.0,98.0,13.0,339.0,45.17,29.9,73.35,143.0,80.0,40.08,39.68,13.71,,,,,,,,
67,,,,,,,,,,,,,,,,,,,,,,,,,,,,,,,,,,,,80.0,137.0,12.0,15.0,28.0,36.0,29.0,26.0,0.0,0.0,29.0,0.0,21.0,102.0,16.0,339.0,45.0,29.51,72.02,141.11,78.85,38.51,37.93,11.74,,,,,,,,
68,,,,,,,,,,,,,,,,,,,,,,,,,,,,,,,,,,,,92.0,137.0,12.0,15.0,28.0,36.0,33.0,26.0,0.0,0.0,29.0,0.0,21.0,116.0,16.0,339.0,44.71,29.1,70.68,140.0,77.62,35.79,35.62,10.27,,,,,,,,
69,,,,,,,,,,,,,,,,,,,,,,,,,,,,,,,,,,,,97.0,137.0,12.0,15.0,28.0,40.0,33.0,26.0,0.0,0.0,29.0,0.0,21.0,136.0,16.0,339.0,44.4,28.88,69.61,138.53,76.2,35.01,35.0,8.84,,,,,,,,
70,,,,,,,,,,,,,,,,,,,,,,,,,,,,,,,,,,,,97.0,138.0,16.0,17.0,28.0,44.0,33.0,26.0,0.0,0.0,29.0,0.0,21.0,156.0,16.0,339.0,44.07,28.5,68.26,136.24,75.0,35.0,33.6,7.26,,,,,,,,
71,,,,,,,,,,,,,,,,,,,,,,,,,,,,,,,,,,,,98.0,141.0,21.0,17.0,28.0,44.0,33.0,30.0,0.0,0.0,29.0,0.0,21.0,170.0,16.0,345.0,43.81,28.1,66.84,135.0,74.0,35.0,31.17,5.94,,,,,,,,
72,,,,,,,,,,,,,,,,,,,,,,,,,,,,,,,,,,,,100.0,150.0,30.0,17.0,31.0,44.0,33.0,35.0,0.0,0.0,29.0,0.0,21.0,176.0,16.0,352.0,43.5,27.92,65.71,133.1,72.52,33.0,30.0,4.97,,,,,,,,
73,,,,,,,,,,,,,,,,,,,,,,,,,,,,,,,,,,,,100.0,153.0,40.0,17.0,31.0,44.0,33.0,35.0,0.0,0.0,29.0,0.0,21.0,176.0,16.0,359.0,43.1,27.52,64.69,131.0,70.81,30.1,28.3,3.98,,,,,,,,
74,,,,,,,,,,,,,,,,,,,,,,,,,,,,,,,,,,,,102.0,153.0,40.0,17.0,31.0,44.0,33.0,35.0,0.0,0.0,29.0,0.0,21.0,176.0,22.0,371.0,42.85,27.2,63.15,129.99,69.99,27.03,26.21,3.68,,,,,,,,
75,,,,,,,,,,,,,,,,,,,,,,,,,,,,,,,,,,,,106.0,163.0,40.0,17.0,31.0,44.0,34.0,35.0,0.0,0.0,29.0,0.0,21.0,176.0,22.0,379.0,42.51,27.0,62.01,127.85,68.0,24.22,24.59,3.08,,,,,,,,
76,,,,,,,,,,,,,,,,,,,,,,,,,,,,,,,,,,,,122.0,163.0,40.0,17.0,31.0,44.0,34.0,35.0,0.0,0.0,29.0,0.0,21.0,177.0,22.0,386.0,42.21,26.51,61.02,125.33,65.88,20.1,22.19,2.41,,,,,,,,
77,,,,,,,,,,,,,,,,,,,,,,,,,,,,,,,,,,,,122.0,163.0,40.0,17.0,31.0,44.0,37.0,39.0,0.0,0.0,29.0,0.0,21.0,182.0,22.0,392.0,41.95,26.2,60.0,123.38,64.8,17.04,20.3,2.02,,,,,,,,
78,,,,,,,,,,,,,,,,,,,,,,,,,,,,,,,,,,,,122.0,163.0,40.0,17.0,31.0,44.0,41.0,40.0,0.0,0.0,29.0,0.0,21.0,182.0,28.0,399.0,41.54,26.0,58.96,121.0,62.48,14.2,19.26,1.69,,,,,,,,
79,,,,,,,,,,,,,,,,,,,,,,,,,,,,,,,,,,,,122.0,163.0,40.0,25.0,31.0,44.0,43.0,40.0,0.0,0.0,29.0,0.0,21.0,182.0,30.0,399.0,41.1,25.51,57.46,120.0,60.0,11.41,17.6,1.3,,,,,,,,
80,,,,,,,,,,,,,,,,,,,,,,,,,,,,,,,,,,,,122.0,163.0,40.0,25.0,31.0,44.0,45.0,40.0,0.0,0.0,29.0,0.0,21.0,182.0,35.0,399.0,40.85,25.09,56.05,117.99,57.88,10.0,15.97,1.03,,,,,,,,
81,,,,,,,,,,,,,,,,,,,,,,,,,,,,,,,,,,,,122.0,164.0,40.0,25.0,31.0,44.0,52.0,45.0,0.0,0.0,29.0,0.0,21.0,182.0,49.0,407.0,40.46,24.82,54.99,115.55,55.0,7.58,15.0,0.84,,,,,,,,
82,,,,,,,,,,,,,,,,,,,,,,,,,,,,,,,,,,,,122.0,172.0,40.0,25.0,31.0,44.0,52.0,45.0,0.0,0.0,29.0,0.0,21.0,182.0,56.0,414.0,40.0,24.3,53.58,114.13,52.0,6.0,13.9,0.58,,,,,,,,
83,,,,,,,,,,,,,,,,,,,,,,,,,,,,,,,,,,,,122.0,172.0,40.0,25.0,31.0,51.0,52.0,48.0,0.0,0.0,29.0,0.0,21.0,194.0,58.0,421.0,39.68,24.0,52.01,112.0,49.99,5.0,12.01,0.35,,,,,,,,
84,,,,,,,,,,,,,,,,,,,,,,,,,,,,,,,,,,,,122.0,172.0,40.0,25.0,44.0,59.0,52.0,60.0,0.0,0.0,29.0,0.0,23.0,211.0,62.0,430.0,39.2,23.19,50.4,110.0,47.0,3.74,9.7,0.23,,,,,,,,
85,,,,,,,,,,,,,,,,,,,,,,,,,,,,,,,,,,,,122.0,172.0,40.0,25.0,44.0,59.0,52.0,61.0,0.0,0.0,29.0,0.0,31.0,211.0,71.0,440.0,38.88,22.67,48.67,107.41,44.94,3.29,7.44,0.13,,,,,,,,
86,,,,,,,,,,,,,,,,,,,,,,,,,,,,,,,,,,,,122.0,172.0,45.0,25.0,44.0,59.0,52.0,61.0,0.0,0.0,29.0,0.0,31.0,221.0,79.0,449.0,38.23,22.0,46.83,105.0,41.58,3.22,5.99,0.02,,,,,,,,
87,,,,,,,,,,,,,,,,,,,,,,,,,,,,,,,,,,,,122.0,172.0,50.0,25.0,44.0,59.0,54.0,61.0,0.0,0.0,29.0,0.0,31.0,241.0,88.0,460.0,37.8,21.25,44.7,102.0,40.0,3.2,5.38,0.0,,,,,,,,
88,,,,,,,,,,,,,,,,,,,,,,,,,,,,,,,,,,,,122.0,174.0,50.0,25.0,44.0,61.0,54.0,65.0,0.0,0.0,29.0,0.0,31.0,259.0,99.0,472.0,37.0,20.64,43.05,100.0,36.48,2.35,5.0,0.0,,,,,,,,
89,,,,,,,,,,,,,,,,,,,,,,,,,,,,,,,,,,,,122.0,184.0,50.0,25.0,44.0,61.0,67.0,65.0,0.0,0.0,29.0,0.0,34.0,271.0,117.0,481.0,36.29,20.01,40.52,97.8,33.1,1.5,4.31,0.0,,,,,,,,
90,,,,,,,,,,,,,,,,,,,,,,,,,,,,,,,,,,,,122.0,184.0,50.0,25.0,44.0,61.0,67.0,65.0,0.0,0.0,29.0,0.0,36.0,278.0,129.0,490.0,35.82,19.51,38.5,95.01,30.0,0.5,3.6,0.0,,,,,,,,
91,,,,,,,,,,,,,,,,,,,,,,,,,,,,,,,,,,,,122.0,184.0,50.0,25.0,44.0,61.0,67.0,65.0,0.0,0.0,29.0,0.0,36.0,297.0,135.0,499.0,35.26,18.83,36.46,92.15,25.6,0.43,3.52,-0.0,,,,,,,,
92,,,,,,,,,,,,,,,,,,,,,,,,,,,,,,,,,,,,122.0,184.0,54.0,25.0,44.0,65.0,73.0,65.0,0.0,0.0,29.0,0.0,44.0,314.0,141.0,509.0,34.66,18.02,33.62,89.74,22.8,0.1,2.99,-0.01,,,,,,,,
93,,,,,,,,,,,,,,,,,,,,,,,,,,,,,,,,,,,,122.0,184.0,54.0,25.0,44.0,72.0,78.0,65.0,0.0,0.0,29.0,0.0,44.0,321.0,145.0,519.0,33.68,17.01,29.8,86.0,18.89,0.0,1.72,-0.02,,,,,,,,
94,,,,,,,,,,,,,,,,,,,,,,,,,,,,,,,,,,,,122.0,184.0,57.0,25.0,44.0,72.0,82.0,71.0,0.0,0.0,30.0,0.0,44.0,331.0,152.0,528.0,32.51,16.01,26.41,80.27,15.0,0.0,0.66,-0.1,,,,,,,,
95,,,,,,,,,,,,,,,,,,,,,,,,,,,,,,,,,,,,122.0,184.0,74.0,25.0,44.0,72.0,90.0,88.0,0.0,0.0,30.0,0.0,44.0,342.0,160.0,537.0,31.5,15.0,22.74,75.49,10.0,0.0,0.38,-0.25,,,,,,,,
96,,,,,,,,,,,,,,,,,,,,,,,,,,,,,,,,,,,,122.0,189.0,74.0,25.0,44.0,75.0,98.0,98.0,0.0,0.0,30.0,0.0,44.0,362.0,169.0,546.0,30.01,14.01,18.4,66.18,5.0,0.0,0.02,-0.5,,,,,,,,
97,,,,,,,,,,,,,,,,,,,,,,,,,,,,,,,,,,,,122.0,189.0,74.0,25.0,44.0,82.0,98.0,103.0,0.0,0.0,30.0,0.0,44.0,382.0,174.0,552.0,29.0,12.66,14.0,55.0,4.3,0.0,0.0,-0.81,,,,,,,,
98,,,,,,,,,,,,,,,,,,,,,,,,,,,,,,,,,,,,122.0,189.0,74.0,25.0,44.0,97.0,98.0,108.0,0.0,0.0,30.0,0.0,44.0,401.0,183.0,552.0,26.51,11.34,9.4,45.0,4.16,0.0,0.0,-1.27,,,,,,,,
99,,,,,,,,,,,,,,,,,,,,,,,,,,,,,,,,,,,,122.0,189.0,74.0,30.0,44.0,97.0,98.0,112.0,0.0,0.0,30.0,0.0,45.0,421.0,190.0,559.0,20.62,9.83,3.5,21.02,1.74,-0.01,-0.01,-2.0,,,,,,,,
100,,,,,,,,,,,,,,,,,,,,,,,,,,,,,,,,,,,,122.0,189.0,74.0,33.0,52.0,97.0,99.0,112.0,0.0,0.0,30.0,0.0,47.0,439.0,197.0,564.0,6.46,5.93,1.95,4.11,0.1,-0.07,-0.86,-2.77,,,,,,,,
101,,,,,,,,,,,,,,,,,,,,,,,,,,,,,,,,,,,,122.0,189.0,74.0,33.0,57.0,97.0,105.0,120.0,0.0,0.0,30.0,0.0,47.0,452.0,202.0,571.0,0.01,1.02,0.0,0.0,0.0,-2.0,-5.0,-9.82,,,,,,,,
102,,,,,,,,,,,,,,,,,,,,,,,,,,,,,,,,,,,,122.0,189.0,74.0,33.0,57.0,100.0,111.0,120.0,0.0,0.0,30.0,0.0,47.0,465.0,205.0,579.0,,,,,,,,,,,,,,,,
103,,,,,,,,,,,,,,,,,,,,,,,,,,,,,,,,,,,,122.0,192.0,74.0,33.0,57.0,105.0,118.0,120.0,0.0,0.0,30.0,0.0,50.0,474.0,212.0,587.0,,,,,,,,,,,,,,,,
104,,,,,,,,,,,,,,,,,,,,,,,,,,,,,,,,,,,,122.0,208.0,74.0,33.0,57.0,115.0,118.0,120.0,0.0,0.0,30.0,0.0,50.0,484.0,218.0,595.0,,,,,,,,,,,,,,,,
105,,,,,,,,,,,,,,,,,,,,,,,,,,,,,,,,,,,,122.0,208.0,74.0,33.0,57.0,124.0,121.0,120.0,0.0,0.0,30.0,0.0,53.0,494.0,224.0,602.0,,,,,,,,,,,,,,,,
106,,,,,,,,,,,,,,,,,,,,,,,,,,,,,,,,,,,,122.0,208.0,74.0,33.0,57.0,125.0,121.0,120.0,0.0,0.0,30.0,0.0,60.0,509.0,233.0,608.0,,,,,,,,,,,,,,,,
107,,,,,,,,,,,,,,,,,,,,,,,,,,,,,,,,,,,,122.0,208.0,74.0,36.0,57.0,127.0,121.0,120.0,0.0,0.0,30.0,0.0,60.0,525.0,239.0,614.0,,,,,,,,,,,,,,,,
108,,,,,,,,,,,,,,,,,,,,,,,,,,,,,,,,,,,,122.0,208.0,74.0,36.0,57.0,127.0,121.0,123.0,0.0,0.0,30.0,0.0,60.0,536.0,247.0,621.0,,,,,,,,,,,,,,,,
109,,,,,,,,,,,,,,,,,,,,,,,,,,,,,,,,,,,,122.0,208.0,74.0,36.0,58.0,127.0,126.0,126.0,0.0,0.0,30.0,0.0,60.0,545.0,258.0,630.0,,,,,,,,,,,,,,,,
110,,,,,,,,,,,,,,,,,,,,,,,,,,,,,,,,,,,,122.0,212.0,74.0,36.0,58.0,127.0,133.0,126.0,0.0,0.0,30.0,0.0,60.0,550.0,267.0,636.0,,,,,,,,,,,,,,,,
111,,,,,,,,,,,,,,,,,,,,,,,,,,,,,,,,,,,,122.0,219.0,74.0,36.0,60.0,127.0,133.0,130.0,0.0,0.0,30.0,0.0,60.0,559.0,267.0,643.0,,,,,,,,,,,,,,,,
112,,,,,,,,,,,,,,,,,,,,,,,,,,,,,,,,,,,,135.0,228.0,76.0,36.0,60.0,130.0,133.0,136.0,0.0,0.0,30.0,0.0,60.0,570.0,267.0,650.0,,,,,,,,,,,,,,,,
113,,,,,,,,,,,,,,,,,,,,,,,,,,,,,,,,,,,,143.0,232.0,76.0,38.0,60.0,130.0,133.0,143.0,0.0,0.0,30.0,0.0,67.0,582.0,273.0,657.0,,,,,,,,,,,,,,,,
114,,,,,,,,,,,,,,,,,,,,,,,,,,,,,,,,,,,,143.0,232.0,76.0,38.0,60.0,130.0,133.0,149.0,0.0,0.0,30.0,0.0,67.0,592.0,281.0,657.0,,,,,,,,,,,,,,,,
115,,,,,,,,,,,,,,,,,,,,,,,,,,,,,,,,,,,,143.0,232.0,79.0,38.0,60.0,130.0,133.0,158.0,0.0,0.0,30.0,0.0,67.0,599.0,289.0,664.0,,,,,,,,,,,,,,,,
116,,,,,,,,,,,,,,,,,,,,,,,,,,,,,,,,,,,,143.0,232.0,79.0,38.0,60.0,130.0,139.0,166.0,0.0,0.0,30.0,0.0,67.0,599.0,300.0,673.0,,,,,,,,,,,,,,,,
117,,,,,,,,,,,,,,,,,,,,,,,,,,,,,,,,,,,,143.0,232.0,79.0,38.0,60.0,130.0,147.0,169.0,0.0,0.0,30.0,0.0,67.0,599.0,311.0,680.0,,,,,,,,,,,,,,,,
118,,,,,,,,,,,,,,,,,,,,,,,,,,,,,,,,,,,,143.0,232.0,79.0,38.0,60.0,134.0,152.0,175.0,0.0,0.0,30.0,0.0,67.0,606.0,320.0,685.0,,,,,,,,,,,,,,,,
119,,,,,,,,,,,,,,,,,,,,,,,,,,,,,,,,,,,,143.0,232.0,79.0,38.0,60.0,145.0,157.0,182.0,0.0,0.0,30.0,0.0,67.0,614.0,330.0,685.0,,,,,,,,,,,,,,,,
120,,,,,,,,,,,,,,,,,,,,,,,,,,,,,,,,,,,,143.0,232.0,79.0,38.0,63.0,145.0,162.0,189.0,0.0,0.0,30.0,0.0,67.0,614.0,338.0,691.0,,,,,,,,,,,,,,,,
121,,,,,,,,,,,,,,,,,,,,,,,,,,,,,,,,,,,,145.0,232.0,79.0,38.0,63.0,145.0,170.0,197.0,0.0,0.0,30.0,0.0,70.0,614.0,349.0,699.0,,,,,,,,,,,,,,,,
122,,,,,,,,,,,,,,,,,,,,,,,,,,,,,,,,,,,,145.0,240.0,80.0,38.0,63.0,154.0,177.0,204.0,0.0,0.0,30.0,0.0,70.0,624.0,358.0,704.0,,,,,,,,,,,,,,,,
123,,,,,,,,,,,,,,,,,,,,,,,,,,,,,,,,,,,,145.0,240.0,80.0,38.0,63.0,159.0,184.0,209.0,0.0,0.0,30.0,0.0,70.0,627.0,366.0,710.0,,,,,,,,,,,,,,,,
124,,,,,,,,,,,,,,,,,,,,,,,,,,,,,,,,,,,,145.0,240.0,83.0,38.0,63.0,159.0,192.0,209.0,0.0,0.0,30.0,0.0,70.0,628.0,376.0,716.0,,,,,,,,,,,,,,,,
125,,,,,,,,,,,,,,,,,,,,,,,,,,,,,,,,,,,,145.0,240.0,88.0,38.0,63.0,159.0,192.0,209.0,0.0,0.0,30.0,0.0,70.0,637.0,385.0,721.0,,,,,,,,,,,,,,,,
126,,,,,,,,,,,,,,,,,,,,,,,,,,,,,,,,,,,,145.0,240.0,88.0,38.0,63.0,165.0,192.0,209.0,0.0,0.0,30.0,0.0,70.0,644.0,395.0,721.0,,,,,,,,,,,,,,,,
127,,,,,,,,,,,,,,,,,,,,,,,,,,,,,,,,,,,,145.0,240.0,88.0,38.0,66.0,165.0,192.0,209.0,0.0,0.0,30.0,0.0,70.0,644.0,403.0,721.0,,,,,,,,,,,,,,,,
128,,,,,,,,,,,,,,,,,,,,,,,,,,,,,,,,,,,,145.0,240.0,88.0,38.0,66.0,165.0,192.0,209.0,0.0,0.0,31.0,0.0,70.0,651.0,412.0,725.0,,,,,,,,,,,,,,,,
129,,,,,,,,,,,,,,,,,,,,,,,,,,,,,,,,,,,,145.0,240.0,102.0,38.0,66.0,165.0,197.0,214.0,0.0,0.0,39.0,0.0,70.0,651.0,419.0,731.0,,,,,,,,,,,,,,,,
130,,,,,,,,,,,,,,,,,,,,,,,,,,,,,,,,,,,,145.0,240.0,102.0,38.0,66.0,171.0,204.0,220.0,0.0,0.0,39.0,0.0,70.0,655.0,429.0,740.0,,,,,,,,,,,,,,,,
131,,,,,,,,,,,,,,,,,,,,,,,,,,,,,,,,,,,,145.0,241.0,102.0,38.0,66.0,174.0,213.0,220.0,0.0,0.0,39.0,0.0,70.0,659.0,440.0,742.0,,,,,,,,,,,,,,,,
132,,,,,,,,,,,,,,,,,,,,,,,,,,,,,,,,,,,,149.0,244.0,102.0,38.0,66.0,181.0,220.0,220.0,0.0,0.0,39.0,0.0,70.0,667.0,449.0,744.0,,,,,,,,,,,,,,,,
133,,,,,,,,,,,,,,,,,,,,,,,,,,,,,,,,,,,,149.0,244.0,102.0,38.0,66.0,190.0,226.0,220.0,0.0,0.0,39.0,0.0,70.0,676.0,456.0,752.0,,,,,,,,,,,,,,,,
134,,,,,,,,,,,,,,,,,,,,,,,,,,,,,,,,,,,,149.0,244.0,102.0,38.0,67.0,196.0,233.0,220.0,0.0,0.0,39.0,0.0,79.0,681.0,465.0,760.0,,,,,,,,,,,,,,,,
135,,,,,,,,,,,,,,,,,,,,,,,,,,,,,,,,,,,,149.0,244.0,102.0,38.0,67.0,204.0,239.0,220.0,0.0,0.0,39.0,0.0,79.0,692.0,475.0,768.0,,,,,,,,,,,,,,,,
136,,,,,,,,,,,,,,,,,,,,,,,,,,,,,,,,,,,,149.0,244.0,102.0,38.0,67.0,209.0,244.0,225.0,0.0,0.0,39.0,0.0,79.0,700.0,486.0,778.0,,,,,,,,,,,,,,,,
137,,,,,,,,,,,,,,,,,,,,,,,,,,,,,,,,,,,,149.0,244.0,102.0,38.0,67.0,214.0,252.0,229.0,0.0,0.0,39.0,0.0,79.0,702.0,496.0,786.0,,,,,,,,,,,,,,,,
138,,,,,,,,,,,,,,,,,,,,,,,,,,,,,,,,,,,,149.0,250.0,102.0,38.0,67.0,214.0,259.0,229.0,0.0,0.0,39.0,0.0,79.0,702.0,508.0,793.0,,,,,,,,,,,,,,,,
139,,,,,,,,,,,,,,,,,,,,,,,,,,,,,,,,,,,,149.0,250.0,102.0,38.0,67.0,220.0,259.0,229.0,0.0,0.0,39.0,0.0,79.0,708.0,518.0,800.0,,,,,,,,,,,,,,,,
140,,,,,,,,,,,,,,,,,,,,,,,,,,,,,,,,,,,,149.0,250.0,102.0,38.0,72.0,228.0,262.0,229.0,0.0,0.0,39.0,0.0,79.0,716.0,528.0,808.0,,,,,,,,,,,,,,,,
141,,,,,,,,,,,,,,,,,,,,,,,,,,,,,,,,,,,,149.0,250.0,105.0,42.0,79.0,232.0,267.0,229.0,0.0,0.0,39.0,0.0,80.0,718.0,537.0,816.0,,,,,,,,,,,,,,,,
142,,,,,,,,,,,,,,,,,,,,,,,,,,,,,,,,,,,,149.0,250.0,121.0,42.0,79.0,232.0,274.0,231.0,0.0,0.0,39.0,0.0,80.0,718.0,548.0,824.0,,,,,,,,,,,,,,,,
143,,,,,,,,,,,,,,,,,,,,,,,,,,,,,,,,,,,,149.0,250.0,126.0,42.0,79.0,232.0,277.0,238.0,0.0,0.0,39.0,0.0,80.0,718.0,558.0,832.0,,,,,,,,,,,,,,,,
144,,,,,,,,,,,,,,,,,,,,,,,,,,,,,,,,,,,,149.0,256.0,129.0,42.0,79.0,232.0,284.0,246.0,0.0,0.0,39.0,0.0,80.0,718.0,569.0,841.0,,,,,,,,,,,,,,,,
145,,,,,,,,,,,,,,,,,,,,,,,,,,,,,,,,,,,,149.0,272.0,129.0,42.0,79.0,232.0,294.0,253.0,0.0,0.0,39.0,0.0,80.0,718.0,581.0,849.0,,,,,,,,,,,,,,,,
146,,,,,,,,,,,,,,,,,,,,,,,,,,,,,,,,,,,,152.0,272.0,129.0,48.0,82.0,235.0,300.0,258.0,0.0,0.0,39.0,0.0,80.0,723.0,590.0,857.0,,,,,,,,,,,,,,,,
147,,,,,,,,,,,,,,,,,,,,,,,,,,,,,,,,,,,,152.0,272.0,129.0,55.0,86.0,243.0,303.0,264.0,0.0,0.0,39.0,0.0,80.0,733.0,599.0,863.0,,,,,,,,,,,,,,,,
148,,,,,,,,,,,,,,,,,,,,,,,,,,,,,,,,,,,,152.0,272.0,129.0,64.0,95.0,243.0,303.0,268.0,0.0,0.0,39.0,0.0,80.0,733.0,607.0,868.0,,,,,,,,,,,,,,,,
149,,,,,,,,,,,,,,,,,,,,,,,,,,,,,,,,,,,,152.0,272.0,129.0,64.0,104.0,243.0,308.0,272.0,0.0,0.0,39.0,0.0,80.0,739.0,614.0,871.0,,,,,,,,,,,,,,,,
150,,,,,,,,,,,,,,,,,,,,,,,,,,,,,,,,,,,,155.0,272.0,133.0,64.0,104.0,243.0,314.0,277.0,0.0,0.0,39.0,0.0,80.0,739.0,620.0,877.0,,,,,,,,,,,,,,,,
151,,,,,,,,,,,,,,,,,,,,,,,,,,,,,,,,,,,,155.0,272.0,133.0,64.0,107.0,243.0,321.0,282.0,0.0,0.0,39.0,0.0,80.0,744.0,628.0,885.0,,,,,,,,,,,,,,,,
152,,,,,,,,,,,,,,,,,,,,,,,,,,,,,,,,,,,,155.0,279.0,133.0,64.0,107.0,243.0,330.0,282.0,0.0,0.0,39.0,0.0,80.0,755.0,637.0,885.0,,,,,,,,,,,,,,,,
153,,,,,,,,,,,,,,,,,,,,,,,,,,,,,,,,,,,,157.0,283.0,133.0,64.0,107.0,243.0,330.0,282.0,0.0,0.0,39.0,0.0,80.0,768.0,642.0,893.0,,,,,,,,,,,,,,,,
154,,,,,,,,,,,,,,,,,,,,,,,,,,,,,,,,,,,,157.0,283.0,133.0,64.0,111.0,252.0,336.0,282.0,0.0,0.0,39.0,0.0,80.0,780.0,646.0,902.0,,,,,,,,,,,,,,,,
155,,,,,,,,,,,,,,,,,,,,,,,,,,,,,,,,,,,,157.0,283.0,133.0,64.0,117.0,252.0,336.0,286.0,0.0,0.0,39.0,0.0,80.0,780.0,648.0,911.0,,,,,,,,,,,,,,,,
156,,,,,,,,,,,,,,,,,,,,,,,,,,,,,,,,,,,,157.0,283.0,133.0,64.0,117.0,252.0,336.0,286.0,0.0,0.0,39.0,0.0,80.0,780.0,656.0,915.0,,,,,,,,,,,,,,,,
157,,,,,,,,,,,,,,,,,,,,,,,,,,,,,,,,,,,,157.0,283.0,133.0,69.0,117.0,252.0,344.0,290.0,0.0,0.0,39.0,0.0,80.0,780.0,661.0,923.0,,,,,,,,,,,,,,,,
158,,,,,,,,,,,,,,,,,,,,,,,,,,,,,,,,,,,,159.0,291.0,133.0,69.0,117.0,252.0,348.0,301.0,0.0,0.0,39.0,0.0,80.0,780.0,671.0,933.0,,,,,,,,,,,,,,,,
159,,,,,,,,,,,,,,,,,,,,,,,,,,,,,,,,,,,,176.0,291.0,133.0,69.0,117.0,252.0,359.0,301.0,0.0,0.0,39.0,0.0,80.0,780.0,682.0,935.0,,,,,,,,,,,,,,,,
160,,,,,,,,,,,,,,,,,,,,,,,,,,,,,,,,,,,,176.0,291.0,133.0,69.0,117.0,260.0,368.0,302.0,0.0,0.0,39.0,0.0,80.0,780.0,682.0,943.0,,,,,,,,,,,,,,,,
161,,,,,,,,,,,,,,,,,,,,,,,,,,,,,,,,,,,,176.0,291.0,133.0,69.0,121.0,270.0,374.0,302.0,0.0,0.0,39.0,0.0,80.0,789.0,682.0,952.0,,,,,,,,,,,,,,,,
162,,,,,,,,,,,,,,,,,,,,,,,,,,,,,,,,,,,,176.0,291.0,133.0,69.0,128.0,270.0,379.0,302.0,0.0,0.0,39.0,0.0,80.0,789.0,682.0,960.0,,,,,,,,,,,,,,,,
163,,,,,,,,,,,,,,,,,,,,,,,,,,,,,,,,,,,,176.0,291.0,138.0,70.0,128.0,273.0,386.0,302.0,0.0,0.0,39.0,0.0,80.0,789.0,689.0,969.0,,,,,,,,,,,,,,,,
164,,,,,,,,,,,,,,,,,,,,,,,,,,,,,,,,,,,,176.0,291.0,145.0,70.0,128.0,273.0,392.0,313.0,0.0,0.0,39.0,0.0,80.0,789.0,695.0,978.0,,,,,,,,,,,,,,,,
165,,,,,,,,,,,,,,,,,,,,,,,,,,,,,,,,,,,,176.0,291.0,145.0,70.0,128.0,273.0,400.0,324.0,0.0,0.0,39.0,0.0,80.0,792.0,703.0,987.0,,,,,,,,,,,,,,,,
166,,,,,,,,,,,,,,,,,,,,,,,,,,,,,,,,,,,,176.0,291.0,145.0,70.0,128.0,273.0,407.0,329.0,0.0,0.0,39.0,0.0,80.0,798.0,713.0,989.0,,,,,,,,,,,,,,,,
167,,,,,,,,,,,,,,,,,,,,,,,,,,,,,,,,,,,,176.0,291.0,145.0,70.0,128.0,285.0,410.0,329.0,0.0,0.0,39.0,0.0,80.0,808.0,715.0,989.0,,,,,,,,,,,,,,,,
168,,,,,,,,,,,,,,,,,,,,,,,,,,,,,,,,,,,,176.0,291.0,145.0,70.0,128.0,296.0,415.0,329.0,0.0,0.0,39.0,0.0,80.0,819.0,715.0,989.0,,,,,,,,,,,,,,,,
169,,,,,,,,,,,,,,,,,,,,,,,,,,,,,,,,,,,,176.0,291.0,145.0,70.0,128.0,296.0,420.0,329.0,0.0,0.0,39.0,0.0,80.0,824.0,715.0,989.0,,,,,,,,,,,,,,,,
170,,,,,,,,,,,,,,,,,,,,,,,,,,,,,,,,,,,,176.0,291.0,145.0,70.0,128.0,296.0,428.0,329.0,0.0,0.0,39.0,0.0,80.0,824.0,715.0,989.0,,,,,,,,,,,,,,,,
171,,,,,,,,,,,,,,,,,,,,,,,,,,,,,,,,,,,,176.0,291.0,145.0,70.0,128.0,296.0,432.0,334.0,0.0,0.0,39.0,0.0,80.0,824.0,715.0,996.0,,,,,,,,,,,,,,,,
172,,,,,,,,,,,,,,,,,,,,,,,,,,,,,,,,,,,,176.0,291.0,145.0,70.0,128.0,296.0,439.0,339.0,0.0,0.0,39.0,0.0,80.0,824.0,721.0,1005.0,,,,,,,,,,,,,,,,
173,,,,,,,,,,,,,,,,,,,,,,,,,,,,,,,,,,,,176.0,291.0,145.0,70.0,128.0,296.0,449.0,339.0,0.0,0.0,39.0,0.0,80.0,824.0,730.0,1005.0,,,,,,,,,,,,,,,,
174,,,,,,,,,,,,,,,,,,,,,,,,,,,,,,,,,,,,179.0,291.0,145.0,70.0,128.0,299.0,458.0,339.0,0.0,0.0,39.0,0.0,80.0,831.0,730.0,1005.0,,,,,,,,,,,,,,,,
175,,,,,,,,,,,,,,,,,,,,,,,,,,,,,,,,,,,,179.0,291.0,145.0,70.0,129.0,306.0,466.0,339.0,0.0,0.0,39.0,0.0,80.0,841.0,730.0,1005.0,,,,,,,,,,,,,,,,
176,,,,,,,,,,,,,,,,,,,,,,,,,,,,,,,,,,,,179.0,291.0,145.0,70.0,134.0,306.0,471.0,339.0,0.0,0.0,39.0,0.0,83.0,843.0,730.0,1005.0,,,,,,,,,,,,,,,,
177,,,,,,,,,,,,,,,,,,,,,,,,,,,,,,,,,,,,179.0,291.0,145.0,70.0,134.0,309.0,471.0,339.0,0.0,0.0,39.0,0.0,83.0,843.0,730.0,1005.0,,,,,,,,,,,,,,,,
178,,,,,,,,,,,,,,,,,,,,,,,,,,,,,,,,,,,,179.0,291.0,145.0,70.0,134.0,309.0,471.0,341.0,0.0,0.0,39.0,0.0,83.0,843.0,730.0,1012.0,,,,,,,,,,,,,,,,
179,,,,,,,,,,,,,,,,,,,,,,,,,,,,,,,,,,,,179.0,291.0,145.0,70.0,134.0,309.0,478.0,345.0,0.0,0.0,39.0,0.0,83.0,843.0,735.0,1019.0,,,,,,,,,,,,,,,,
180,,,,,,,,,,,,,,,,,,,,,,,,,,,,,,,,,,,,179.0,293.0,145.0,70.0,134.0,314.0,486.0,345.0,0.0,0.0,39.0,0.0,83.0,843.0,737.0,1019.0,,,,,,,,,,,,,,,,
181,,,,,,,,,,,,,,,,,,,,,,,,,,,,,,,,,,,,184.0,293.0,145.0,70.0,134.0,318.0,486.0,345.0,0.0,0.0,39.0,0.0,83.0,843.0,737.0,1019.0,,,,,,,,,,,,,,,,
182,,,,,,,,,,,,,,,,,,,,,,,,,,,,,,,,,,,,184.0,297.0,145.0,70.0,136.0,326.0,486.0,345.0,0.0,0.0,39.0,0.0,85.0,846.0,737.0,1026.0,,,,,,,,,,,,,,,,
183,,,,,,,,,,,,,,,,,,,,,,,,,,,,,,,,,,,,184.0,297.0,145.0,70.0,153.0,326.0,486.0,351.0,0.0,0.0,39.0,0.0,92.0,846.0,737.0,1035.0,,,,,,,,,,,,,,,,
184,,,,,,,,,,,,,,,,,,,,,,,,,,,,,,,,,,,,184.0,297.0,145.0,70.0,159.0,326.0,486.0,359.0,0.0,0.0,39.0,0.0,92.0,846.0,737.0,1045.0,,,,,,,,,,,,,,,,
185,,,,,,,,,,,,,,,,,,,,,,,,,,,,,,,,,,,,184.0,297.0,145.0,70.0,161.0,326.0,490.0,367.0,0.0,0.0,39.0,0.0,92.0,846.0,737.0,1054.0,,,,,,,,,,,,,,,,
186,,,,,,,,,,,,,,,,,,,,,,,,,,,,,,,,,,,,184.0,302.0,145.0,70.0,166.0,333.0,498.0,374.0,0.0,0.0,39.0,0.0,92.0,853.0,737.0,1063.0,,,,,,,,,,,,,,,,
187,,,,,,,,,,,,,,,,,,,,,,,,,,,,,,,,,,,,184.0,319.0,145.0,70.0,166.0,338.0,498.0,374.0,0.0,0.0,39.0,0.0,92.0,853.0,741.0,1063.0,,,,,,,,,,,,,,,,
188,,,,,,,,,,,,,,,,,,,,,,,,,,,,,,,,,,,,184.0,323.0,145.0,70.0,166.0,350.0,498.0,379.0,0.0,0.0,39.0,0.0,92.0,864.0,741.0,1063.0,,,,,,,,,,,,,,,,
189,,,,,,,,,,,,,,,,,,,,,,,,,,,,,,,,,,,,184.0,323.0,145.0,70.0,166.0,366.0,498.0,379.0,0.0,0.0,39.0,0.0,92.0,873.0,741.0,1063.0,,,,,,,,,,,,,,,,
190,,,,,,,,,,,,,,,,,,,,,,,,,,,,,,,,,,,,184.0,323.0,145.0,70.0,166.0,366.0,498.0,379.0,0.0,0.0,39.0,0.0,92.0,873.0,741.0,1063.0,,,,,,,,,,,,,,,,
191,,,,,,,,,,,,,,,,,,,,,,,,,,,,,,,,,,,,184.0,323.0,145.0,70.0,166.0,366.0,498.0,379.0,0.0,0.0,39.0,0.0,92.0,873.0,741.0,1063.0,,,,,,,,,,,,,,,,
192,,,,,,,,,,,,,,,,,,,,,,,,,,,,,,,,,,,,184.0,323.0,145.0,70.0,166.0,366.0,498.0,384.0,0.0,0.0,39.0,0.0,92.0,873.0,741.0,1069.0,,,,,,,,,,,,,,,,
193,,,,,,,,,,,,,,,,,,,,,,,,,,,,,,,,,,,,184.0,323.0,145.0,70.0,166.0,366.0,502.0,391.0,0.0,0.0,39.0,0.0,92.0,873.0,742.0,1077.0,,,,,,,,,,,,,,,,
194,,,,,,,,,,,,,,,,,,,,,,,,,,,,,,,,,,,,184.0,323.0,145.0,70.0,166.0,366.0,507.0,391.0,0.0,0.0,39.0,0.0,92.0,873.0,747.0,1077.0,,,,,,,,,,,,,,,,
195,,,,,,,,,,,,,,,,,,,,,,,,,,,,,,,,,,,,184.0,323.0,145.0,70.0,166.0,373.0,507.0,391.0,0.0,0.0,39.0,0.0,92.0,879.0,747.0,1077.0,,,,,,,,,,,,,,,,
196,,,,,,,,,,,,,,,,,,,,,,,,,,,,,,,,,,,,184.0,323.0,145.0,70.0,172.0,383.0,507.0,391.0,0.0,0.0,39.0,0.0,92.0,888.0,747.0,1077.0,,,,,,,,,,,,,,,,
197,,,,,,,,,,,,,,,,,,,,,,,,,,,,,,,,,,,,184.0,323.0,145.0,74.0,187.0,386.0,507.0,391.0,0.0,0.0,39.0,0.0,92.0,888.0,747.0,1077.0,,,,,,,,,,,,,,,,
198,,,,,,,,,,,,,,,,,,,,,,,,,,,,,,,,,,,,184.0,323.0,145.0,74.0,190.0,392.0,507.0,391.0,0.0,0.0,39.0,0.0,92.0,888.0,747.0,1077.0,,,,,,,,,,,,,,,,
199,,,,,,,,,,,,,,,,,,,,,,,,,,,,,,,,,,,,184.0,323.0,149.0,74.0,190.0,392.0,507.0,398.0,0.0,0.0,39.0,0.0,92.0,888.0,747.0,1082.0,,,,,,,,,,,,,,,,
200,,,,,,,,,,,,,,,,,,,,,,,,,,,,,,,,,,,,184.0,323.0,149.0,74.0,190.0,392.0,511.0,406.0,0.0,0.0,39.0,0.0,92.0,888.0,754.0,1090.0,,,,,,,,,,,,,,,,
201,,,,,,,,,,,,,,,,,,,,,,,,,,,,,,,,,,,,184.0,323.0,149.0,74.0,190.0,392.0,514.0,409.0,0.0,0.0,39.0,0.0,92.0,888.0,764.0,1090.0,,,,,,,,,,,,,,,,
202,,,,,,,,,,,,,,,,,,,,,,,,,,,,,,,,,,,,184.0,323.0,149.0,74.0,190.0,397.0,514.0,409.0,0.0,0.0,39.0,0.0,92.0,894.0,764.0,1090.0,,,,,,,,,,,,,,,,
203,,,,,,,,,,,,,,,,,,,,,,,,,,,,,,,,,,,,184.0,323.0,149.0,74.0,190.0,404.0,515.0,411.0,0.0,0.0,39.0,0.0,92.0,904.0,764.0,1090.0,,,,,,,,,,,,,,,,
204,,,,,,,,,,,,,,,,,,,,,,,,,,,,,,,,,,,,184.0,323.0,149.0,74.0,199.0,404.0,515.0,413.0,0.0,0.0,39.0,0.0,97.0,904.0,764.0,1090.0,,,,,,,,,,,,,,,,
205,,,,,,,,,,,,,,,,,,,,,,,,,,,,,,,,,,,,184.0,323.0,149.0,74.0,199.0,404.0,515.0,413.0,0.0,0.0,39.0,0.0,97.0,904.0,764.0,1094.0,,,,,,,,,,,,,,,,
206,,,,,,,,,,,,,,,,,,,,,,,,,,,,,,,,,,,,184.0,323.0,149.0,74.0,199.0,407.0,515.0,420.0,0.0,0.0,39.0,0.0,97.0,904.0,770.0,1103.0,,,,,,,,,,,,,,,,
207,,,,,,,,,,,,,,,,,,,,,,,,,,,,,,,,,,,,184.0,323.0,149.0,74.0,199.0,407.0,515.0,426.0,0.0,0.0,39.0,0.0,97.0,904.0,779.0,1113.0,,,,,,,,,,,,,,,,
208,,,,,,,,,,,,,,,,,,,,,,,,,,,,,,,,,,,,184.0,328.0,149.0,74.0,199.0,407.0,515.0,432.0,0.0,0.0,39.0,0.0,97.0,904.0,788.0,1119.0,,,,,,,,,,,,,,,,
209,,,,,,,,,,,,,,,,,,,,,,,,,,,,,,,,,,,,184.0,328.0,149.0,74.0,199.0,407.0,515.0,435.0,0.0,0.0,39.0,0.0,97.0,904.0,793.0,1119.0,,,,,,,,,,,,,,,,
210,,,,,,,,,,,,,,,,,,,,,,,,,,,,,,,,,,,,184.0,329.0,155.0,74.0,199.0,415.0,515.0,437.0,0.0,0.0,39.0,0.0,97.0,912.0,799.0,1119.0,,,,,,,,,,,,,,,,
211,,,,,,,,,,,,,,,,,,,,,,,,,,,,,,,,,,,,184.0,333.0,155.0,74.0,207.0,420.0,515.0,437.0,0.0,0.0,39.0,0.0,97.0,912.0,799.0,1119.0,,,,,,,,,,,,,,,,
212,,,,,,,,,,,,,,,,,,,,,,,,,,,,,,,,,,,,184.0,333.0,162.0,74.0,207.0,422.0,515.0,437.0,0.0,0.0,39.0,0.0,97.0,912.0,799.0,1119.0,,,,,,,,,,,,,,,,
213,,,,,,,,,,,,,,,,,,,,,,,,,,,,,,,,,,,,184.0,333.0,162.0,74.0,207.0,422.0,515.0,,0.0,0.0,39.0,0.0,97.0,912.0,799.0,,,,,,,,,,,,,,,,,
214,,,,,,,,,,,,,,,,,,,,,,,,,,,,,,,,,,,,184.0,333.0,162.0,74.0,207.0,422.0,518.0,,0.0,0.0,39.0,0.0,97.0,912.0,806.0,,,,,,,,,,,,,,,,,
215,,,,,,,,,,,,,,,,,,,,,,,,,,,,,,,,,,,,184.0,333.0,162.0,74.0,207.0,422.0,526.0,,0.0,0.0,39.0,0.0,97.0,912.0,816.0,,,,,,,,,,,,,,,,,
216,,,,,,,,,,,,,,,,,,,,,,,,,,,,,,,,,,,,184.0,333.0,162.0,74.0,207.0,422.0,528.0,,0.0,0.0,39.0,0.0,97.0,912.0,816.0,,,,,,,,,,,,,,,,,
217,,,,,,,,,,,,,,,,,,,,,,,,,,,,,,,,,,,,184.0,333.0,162.0,74.0,207.0,426.0,536.0,,0.0,0.0,39.0,0.0,97.0,913.0,819.0,,,,,,,,,,,,,,,,,
218,,,,,,,,,,,,,,,,,,,,,,,,,,,,,,,,,,,,184.0,333.0,162.0,74.0,207.0,426.0,543.0,,0.0,0.0,39.0,0.0,103.0,913.0,819.0,,,,,,,,,,,,,,,,,
219,,,,,,,,,,,,,,,,,,,,,,,,,,,,,,,,,,,,184.0,333.0,162.0,74.0,218.0,426.0,548.0,,0.0,0.0,40.0,0.0,103.0,913.0,819.0,,,,,,,,,,,,,,,,,
220,,,,,,,,,,,,,,,,,,,,,,,,,,,,,,,,,,,,184.0,333.0,178.0,74.0,233.0,426.0,552.0,,0.0,0.0,40.0,0.0,103.0,913.0,820.0,,,,,,,,,,,,,,,,,
221,,,,,,,,,,,,,,,,,,,,,,,,,,,,,,,,,,,,184.0,333.0,178.0,74.0,233.0,426.0,559.0,,0.0,0.0,40.0,0.0,103.0,913.0,827.0,,,,,,,,,,,,,,,,,
222,,,,,,,,,,,,,,,,,,,,,,,,,,,,,,,,,,,,190.0,333.0,178.0,74.0,233.0,432.0,567.0,,0.0,0.0,40.0,0.0,103.0,913.0,835.0,,,,,,,,,,,,,,,,,
223,,,,,,,,,,,,,,,,,,,,,,,,,,,,,,,,,,,,196.0,333.0,178.0,74.0,233.0,441.0,570.0,,0.0,0.0,40.0,0.0,103.0,917.0,835.0,,,,,,,,,,,,,,,,,
224,,,,,,,,,,,,,,,,,,,,,,,,,,,,,,,,,,,,196.0,333.0,178.0,74.0,233.0,449.0,570.0,,0.0,0.0,40.0,0.0,103.0,924.0,835.0,,,,,,,,,,,,,,,,,
225,,,,,,,,,,,,,,,,,,,,,,,,,,,,,,,,,,,,196.0,333.0,178.0,74.0,233.0,449.0,570.0,,0.0,0.0,40.0,0.0,103.0,924.0,835.0,,,,,,,,,,,,,,,,,
226,,,,,,,,,,,,,,,,,,,,,,,,,,,,,,,,,,,,196.0,333.0,179.0,74.0,233.0,449.0,570.0,,0.0,0.0,40.0,0.0,103.0,924.0,835.0,,,,,,,,,,,,,,,,,
227,,,,,,,,,,,,,,,,,,,,,,,,,,,,,,,,,,,,196.0,333.0,179.0,74.0,233.0,449.0,573.0,,0.0,0.0,40.0,0.0,103.0,924.0,838.0,,,,,,,,,,,,,,,,,
228,,,,,,,,,,,,,,,,,,,,,,,,,,,,,,,,,,,,196.0,333.0,179.0,74.0,233.0,451.0,578.0,,0.0,0.0,40.0,0.0,103.0,931.0,841.0,,,,,,,,,,,,,,,,,
229,,,,,,,,,,,,,,,,,,,,,,,,,,,,,,,,,,,,196.0,333.0,179.0,74.0,233.0,451.0,583.0,,0.0,0.0,40.0,0.0,103.0,931.0,846.0,,,,,,,,,,,,,,,,,
230,,,,,,,,,,,,,,,,,,,,,,,,,,,,,,,,,,,,196.0,333.0,179.0,74.0,233.0,451.0,583.0,,0.0,0.0,40.0,0.0,103.0,931.0,846.0,,,,,,,,,,,,,,,,,
231,,,,,,,,,,,,,,,,,,,,,,,,,,,,,,,,,,,,196.0,333.0,179.0,74.0,233.0,451.0,583.0,,0.0,0.0,40.0,0.0,103.0,939.0,846.0,,,,,,,,,,,,,,,,,
232,,,,,,,,,,,,,,,,,,,,,,,,,,,,,,,,,,,,196.0,333.0,179.0,74.0,233.0,451.0,583.0,,0.0,0.0,40.0,0.0,103.0,939.0,846.0,,,,,,,,,,,,,,,,,
233,,,,,,,,,,,,,,,,,,,,,,,,,,,,,,,,,,,,196.0,333.0,179.0,74.0,233.0,451.0,583.0,,0.0,0.0,40.0,0.0,103.0,939.0,846.0,,,,,,,,,,,,,,,,,
234,,,,,,,,,,,,,,,,,,,,,,,,,,,,,,,,,,,,196.0,333.0,179.0,74.0,233.0,458.0,584.0,,0.0,0.0,40.0,0.0,103.0,939.0,846.0,,,,,,,,,,,,,,,,,
235,,,,,,,,,,,,,,,,,,,,,,,,,,,,,,,,,,,,196.0,333.0,179.0,74.0,233.0,464.0,586.0,,0.0,0.0,40.0,0.0,103.0,939.0,848.0,,,,,,,,,,,,,,,,,
236,,,,,,,,,,,,,,,,,,,,,,,,,,,,,,,,,,,,196.0,339.0,179.0,74.0,233.0,472.0,593.0,,0.0,0.0,40.0,0.0,103.0,939.0,855.0,,,,,,,,,,,,,,,,,
237,,,,,,,,,,,,,,,,,,,,,,,,,,,,,,,,,,,,196.0,339.0,179.0,74.0,233.0,482.0,593.0,,0.0,0.0,40.0,0.0,103.0,946.0,855.0,,,,,,,,,,,,,,,,,
238,,,,,,,,,,,,,,,,,,,,,,,,,,,,,,,,,,,,196.0,339.0,179.0,74.0,233.0,497.0,593.0,,0.0,0.0,40.0,0.0,103.0,955.0,855.0,,,,,,,,,,,,,,,,,
239,,,,,,,,,,,,,,,,,,,,,,,,,,,,,,,,,,,,196.0,342.0,179.0,74.0,233.0,497.0,593.0,,0.0,0.0,40.0,0.0,110.0,955.0,855.0,,,,,,,,,,,,,,,,,
240,,,,,,,,,,,,,,,,,,,,,,,,,,,,,,,,,,,,196.0,342.0,179.0,74.0,233.0,497.0,593.0,,0.0,0.0,40.0,0.0,110.0,955.0,858.0,,,,,,,,,,,,,,,,,
241,,,,,,,,,,,,,,,,,,,,,,,,,,,,,,,,,,,,196.0,342.0,179.0,74.0,233.0,497.0,593.0,,0.0,0.0,40.0,0.0,110.0,955.0,865.0,,,,,,,,,,,,,,,,,
242,,,,,,,,,,,,,,,,,,,,,,,,,,,,,,,,,,,,196.0,342.0,179.0,74.0,233.0,497.0,597.0,,0.0,0.0,40.0,0.0,110.0,955.0,872.0,,,,,,,,,,,,,,,,,
243,,,,,,,,,,,,,,,,,,,,,,,,,,,,,,,,,,,,196.0,342.0,179.0,74.0,233.0,497.0,603.0,,0.0,0.0,40.0,0.0,110.0,955.0,881.0,,,,,,,,,,,,,,,,,
244,,,,,,,,,,,,,,,,,,,,,,,,,,,,,,,,,,,,196.0,342.0,179.0,74.0,233.0,500.0,603.0,,0.0,0.0,40.0,0.0,110.0,955.0,888.0,,,,,,,,,,,,,,,,,
245,,,,,,,,,,,,,,,,,,,,,,,,,,,,,,,,,,,,196.0,342.0,179.0,74.0,233.0,505.0,603.0,,0.0,0.0,40.0,0.0,110.0,955.0,890.0,,,,,,,,,,,,,,,,,
246,,,,,,,,,,,,,,,,,,,,,,,,,,,,,,,,,,,,196.0,342.0,179.0,74.0,233.0,505.0,608.0,,0.0,0.0,40.0,0.0,110.0,955.0,898.0,,,,,,,,,,,,,,,,,
247,,,,,,,,,,,,,,,,,,,,,,,,,,,,,,,,,,,,196.0,342.0,179.0,74.0,233.0,505.0,608.0,,0.0,0.0,40.0,0.0,110.0,955.0,898.0,,,,,,,,,,,,,,,,,
248,,,,,,,,,,,,,,,,,,,,,,,,,,,,,,,,,,,,196.0,342.0,179.0,74.0,233.0,505.0,608.0,,0.0,0.0,40.0,0.0,110.0,955.0,900.0,,,,,,,,,,,,,,,,,
249,,,,,,,,,,,,,,,,,,,,,,,,,,,,,,,,,,,,196.0,342.0,179.0,74.0,233.0,511.0,613.0,,0.0,0.0,40.0,0.0,110.0,955.0,908.0,,,,,,,,,,,,,,,,,
250,,,,,,,,,,,,,,,,,,,,,,,,,,,,,,,,,,,,196.0,342.0,179.0,74.0,233.0,511.0,622.0,,0.0,0.0,40.0,0.0,110.0,955.0,914.0,,,,,,,,,,,,,,,,,
251,,,,,,,,,,,,,,,,,,,,,,,,,,,,,,,,,,,,196.0,342.0,179.0,74.0,233.0,512.0,622.0,,0.0,0.0,40.0,0.0,110.0,956.0,914.0,,,,,,,,,,,,,,,,,
252,,,,,,,,,,,,,,,,,,,,,,,,,,,,,,,,,,,,196.0,342.0,179.0,74.0,233.0,515.0,622.0,,0.0,0.0,40.0,0.0,110.0,963.0,914.0,,,,,,,,,,,,,,,,,
253,,,,,,,,,,,,,,,,,,,,,,,,,,,,,,,,,,,,196.0,342.0,179.0,74.0,235.0,515.0,622.0,,0.0,0.0,40.0,0.0,110.0,963.0,920.0,,,,,,,,,,,,,,,,,
254,,,,,,,,,,,,,,,,,,,,,,,,,,,,,,,,,,,,196.0,342.0,179.0,74.0,235.0,520.0,626.0,,0.0,0.0,40.0,0.0,110.0,963.0,928.0,,,,,,,,,,,,,,,,,
255,,,,,,,,,,,,,,,,,,,,,,,,,,,,,,,,,,,,196.0,342.0,179.0,74.0,235.0,520.0,632.0,,0.0,0.0,40.0,0.0,110.0,963.0,929.0,,,,,,,,,,,,,,,,,
256,,,,,,,,,,,,,,,,,,,,,,,,,,,,,,,,,,,,196.0,344.0,179.0,74.0,235.0,520.0,636.0,,0.0,0.0,40.0,0.0,110.0,963.0,935.0,,,,,,,,,,,,,,,,,
257,,,,,,,,,,,,,,,,,,,,,,,,,,,,,,,,,,,,196.0,349.0,179.0,74.0,235.0,520.0,639.0,,0.0,0.0,40.0,0.0,110.0,970.0,941.0,,,,,,,,,,,,,,,,,
258,,,,,,,,,,,,,,,,,,,,,,,,,,,,,,,,,,,,200.0,349.0,179.0,74.0,235.0,524.0,654.0,,0.0,0.0,40.0,0.0,110.0,976.0,941.0,,,,,,,,,,,,,,,,,
259,,,,,,,,,,,,,,,,,,,,,,,,,,,,,,,,,,,,200.0,349.0,179.0,74.0,235.0,529.0,667.0,,0.0,0.0,40.0,0.0,110.0,985.0,941.0,,,,,,,,,,,,,,,,,
260,,,,,,,,,,,,,,,,,,,,,,,,,,,,,,,,,,,,200.0,349.0,179.0,74.0,235.0,529.0,667.0,,0.0,0.0,40.0,0.0,110.0,992.0,941.0,,,,,,,,,,,,,,,,,
261,,,,,,,,,,,,,,,,,,,,,,,,,,,,,,,,,,,,200.0,349.0,179.0,74.0,236.0,529.0,671.0,,0.0,0.0,40.0,0.0,110.0,999.0,941.0,,,,,,,,,,,,,,,,,
262,,,,,,,,,,,,,,,,,,,,,,,,,,,,,,,,,,,,200.0,349.0,179.0,74.0,248.0,531.0,674.0,,0.0,0.0,40.0,0.0,110.0,999.0,941.0,,,,,,,,,,,,,,,,,
263,,,,,,,,,,,,,,,,,,,,,,,,,,,,,,,,,,,,200.0,349.0,179.0,74.0,255.0,533.0,679.0,,0.0,0.0,40.0,0.0,110.0,999.0,944.0,,,,,,,,,,,,,,,,,
264,,,,,,,,,,,,,,,,,,,,,,,,,,,,,,,,,,,,200.0,349.0,179.0,74.0,255.0,535.0,685.0,,0.0,0.0,40.0,0.0,110.0,999.0,951.0,,,,,,,,,,,,,,,,,
265,,,,,,,,,,,,,,,,,,,,,,,,,,,,,,,,,,,,200.0,349.0,179.0,74.0,255.0,538.0,685.0,,0.0,0.0,40.0,0.0,110.0,999.0,958.0,,,,,,,,,,,,,,,,,
266,,,,,,,,,,,,,,,,,,,,,,,,,,,,,,,,,,,,200.0,349.0,181.0,74.0,255.0,540.0,685.0,,0.0,0.0,40.0,0.0,110.0,1001.0,964.0,,,,,,,,,,,,,,,,,
267,,,,,,,,,,,,,,,,,,,,,,,,,,,,,,,,,,,,200.0,349.0,181.0,74.0,260.0,540.0,685.0,,0.0,0.0,40.0,0.0,115.0,1001.0,968.0,,,,,,,,,,,,,,,,,
268,,,,,,,,,,,,,,,,,,,,,,,,,,,,,,,,,,,,200.0,349.0,181.0,74.0,262.0,540.0,685.0,,0.0,0.0,40.0,0.0,115.0,1001.0,968.0,,,,,,,,,,,,,,,,,
269,,,,,,,,,,,,,,,,,,,,,,,,,,,,,,,,,,,,200.0,349.0,181.0,74.0,262.0,540.0,685.0,,0.0,0.0,40.0,0.0,115.0,1001.0,968.0,,,,,,,,,,,,,,,,,
270,,,,,,,,,,,,,,,,,,,,,,,,,,,,,,,,,,,,200.0,350.0,181.0,74.0,262.0,542.0,685.0,,0.0,0.0,40.0,0.0,115.0,1007.0,968.0,,,,,,,,,,,,,,,,,
271,,,,,,,,,,,,,,,,,,,,,,,,,,,,,,,,,,,,203.0,350.0,181.0,74.0,262.0,554.0,685.0,,0.0,0.0,40.0,0.0,115.0,1015.0,968.0,,,,,,,,,,,,,,,,,
272,,,,,,,,,,,,,,,,,,,,,,,,,,,,,,,,,,,,208.0,350.0,181.0,74.0,262.0,558.0,685.0,,0.0,0.0,40.0,0.0,115.0,1022.0,968.0,,,,,,,,,,,,,,,,,
273,,,,,,,,,,,,,,,,,,,,,,,,,,,,,,,,,,,,212.0,350.0,181.0,74.0,262.0,563.0,685.0,,0.0,0.0,40.0,0.0,115.0,1030.0,968.0,,,,,,,,,,,,,,,,,
274,,,,,,,,,,,,,,,,,,,,,,,,,,,,,,,,,,,,212.0,350.0,181.0,74.0,265.0,564.0,685.0,,0.0,0.0,40.0,0.0,115.0,1030.0,968.0,,,,,,,,,,,,,,,,,
275,,,,,,,,,,,,,,,,,,,,,,,,,,,,,,,,,,,,212.0,350.0,183.0,74.0,265.0,567.0,685.0,,0.0,0.0,40.0,0.0,115.0,1030.0,968.0,,,,,,,,,,,,,,,,,
276,,,,,,,,,,,,,,,,,,,,,,,,,,,,,,,,,,,,212.0,353.0,190.0,74.0,272.0,567.0,687.0,,0.0,0.0,40.0,0.0,115.0,1030.0,968.0,,,,,,,,,,,,,,,,,
277,,,,,,,,,,,,,,,,,,,,,,,,,,,,,,,,,,,,212.0,359.0,190.0,74.0,272.0,567.0,709.0,,0.0,0.0,40.0,0.0,115.0,1030.0,975.0,,,,,,,,,,,,,,,,,
278,,,,,,,,,,,,,,,,,,,,,,,,,,,,,,,,,,,,212.0,367.0,190.0,77.0,272.0,567.0,725.0,,0.0,0.0,40.0,0.0,115.0,1030.0,983.0,,,,,,,,,,,,,,,,,
279,,,,,,,,,,,,,,,,,,,,,,,,,,,,,,,,,,,,212.0,367.0,190.0,80.0,275.0,567.0,725.0,,0.0,0.0,40.0,0.0,115.0,1035.0,983.0,,,,,,,,,,,,,,,,,
280,,,,,,,,,,,,,,,,,,,,,,,,,,,,,,,,,,,,212.0,367.0,190.0,80.0,278.0,570.0,725.0,,0.0,0.0,40.0,0.0,115.0,1042.0,983.0,,,,,,,,,,,,,,,,,
281,,,,,,,,,,,,,,,,,,,,,,,,,,,,,,,,,,,,212.0,367.0,190.0,80.0,278.0,570.0,725.0,,0.0,0.0,40.0,0.0,115.0,1042.0,983.0,,,,,,,,,,,,,,,,,
282,,,,,,,,,,,,,,,,,,,,,,,,,,,,,,,,,,,,212.0,367.0,190.0,80.0,278.0,570.0,725.0,,0.0,0.0,40.0,0.0,115.0,1046.0,983.0,,,,,,,,,,,,,,,,,
283,,,,,,,,,,,,,,,,,,,,,,,,,,,,,,,,,,,,212.0,367.0,190.0,80.0,278.0,570.0,725.0,,0.0,0.0,40.0,0.0,115.0,1048.0,983.0,,,,,,,,,,,,,,,,,
284,,,,,,,,,,,,,,,,,,,,,,,,,,,,,,,,,,,,214.0,367.0,190.0,80.0,282.0,570.0,725.0,,0.0,0.0,40.0,0.0,115.0,1048.0,983.0,,,,,,,,,,,,,,,,,
285,,,,,,,,,,,,,,,,,,,,,,,,,,,,,,,,,,,,216.0,367.0,190.0,80.0,282.0,570.0,725.0,,0.0,0.0,40.0,0.0,115.0,1048.0,984.0,,,,,,,,,,,,,,,,,
286,,,,,,,,,,,,,,,,,,,,,,,,,,,,,,,,,,,,217.0,367.0,190.0,80.0,286.0,572.0,725.0,,0.0,0.0,40.0,0.0,115.0,1048.0,984.0,,,,,,,,,,,,,,,,,
287,,,,,,,,,,,,,,,,,,,,,,,,,,,,,,,,,,,,217.0,367.0,190.0,80.0,298.0,588.0,725.0,,0.0,0.0,40.0,0.0,115.0,1051.0,984.0,,,,,,,,,,,,,,,,,
288,,,,,,,,,,,,,,,,,,,,,,,,,,,,,,,,,,,,217.0,367.0,190.0,80.0,303.0,588.0,725.0,,0.0,0.0,40.0,0.0,115.0,1051.0,984.0,,,,,,,,,,,,,,,,,
289,,,,,,,,,,,,,,,,,,,,,,,,,,,,,,,,,,,,217.0,367.0,190.0,80.0,303.0,588.0,725.0,,0.0,0.0,40.0,0.0,115.0,1051.0,984.0,,,,,,,,,,,,,,,,,
290,,,,,,,,,,,,,,,,,,,,,,,,,,,,,,,,,,,,217.0,367.0,190.0,80.0,303.0,588.0,725.0,,0.0,0.0,40.0,0.0,115.0,1051.0,984.0,,,,,,,,,,,,,,,,,
291,,,,,,,,,,,,,,,,,,,,,,,,,,,,,,,,,,,,217.0,367.0,190.0,80.0,303.0,588.0,725.0,,0.0,0.0,40.0,0.0,115.0,1053.0,985.0,,,,,,,,,,,,,,,,,
292,,,,,,,,,,,,,,,,,,,,,,,,,,,,,,,,,,,,217.0,367.0,190.0,80.0,303.0,588.0,725.0,,0.0,0.0,40.0,0.0,115.0,1053.0,990.0,,,,,,,,,,,,,,,,,
293,,,,,,,,,,,,,,,,,,,,,,,,,,,,,,,,,,,,217.0,367.0,192.0,80.0,303.0,588.0,725.0,,0.0,0.0,40.0,0.0,115.0,1053.0,992.0,,,,,,,,,,,,,,,,,
294,,,,,,,,,,,,,,,,,,,,,,,,,,,,,,,,,,,,217.0,367.0,192.0,80.0,303.0,595.0,725.0,,0.0,0.0,40.0,0.0,115.0,1059.0,992.0,,,,,,,,,,,,,,,,,
295,,,,,,,,,,,,,,,,,,,,,,,,,,,,,,,,,,,,217.0,367.0,192.0,80.0,303.0,598.0,725.0,,0.0,0.0,40.0,0.0,115.0,1059.0,996.0,,,,,,,,,,,,,,,,,
296,,,,,,,,,,,,,,,,,,,,,,,,,,,,,,,,,,,,217.0,367.0,192.0,80.0,303.0,598.0,725.0,,0.0,0.0,40.0,0.0,115.0,1059.0,1006.0,,,,,,,,,,,,,,,,,
297,,,,,,,,,,,,,,,,,,,,,,,,,,,,,,,,,,,,217.0,367.0,192.0,80.0,303.0,598.0,727.0,,0.0,0.0,40.0,0.0,115.0,1059.0,1006.0,,,,,,,,,,,,,,,,,
298,,,,,,,,,,,,,,,,,,,,,,,,,,,,,,,,,,,,217.0,369.0,192.0,80.0,303.0,598.0,733.0,,0.0,0.0,40.0,0.0,115.0,1059.0,1006.0,,,,,,,,,,,,,,,,,
299,,,,,,,,,,,,,,,,,,,,,,,,,,,,,,,,,,,,219.0,379.0,192.0,80.0,303.0,598.0,746.0,,0.0,0.0,40.0,0.0,115.0,1059.0,1006.0,,,,,,,,,,,,,,,,,
300,,,,,,,,,,,,,,,,,,,,,,,,,,,,,,,,,,,,222.0,379.0,192.0,80.0,303.0,598.0,747.0,,0.0,0.0,40.0,0.0,115.0,1059.0,1006.0,,,,,,,,,,,,,,,,,
301,,,,,,,,,,,,,,,,,,,,,,,,,,,,,,,,,,,,222.0,379.0,192.0,80.0,304.0,598.0,747.0,,0.0,0.0,40.0,0.0,118.0,1059.0,1006.0,,,,,,,,,,,,,,,,,
302,,,,,,,,,,,,,,,,,,,,,,,,,,,,,,,,,,,,222.0,380.0,192.0,80.0,317.0,598.0,747.0,,0.0,0.0,40.0,0.0,130.0,1059.0,1006.0,,,,,,,,,,,,,,,,,
303,,,,,,,,,,,,,,,,,,,,,,,,,,,,,,,,,,,,222.0,380.0,192.0,80.0,317.0,598.0,749.0,,0.0,0.0,40.0,0.0,130.0,1059.0,1006.0,,,,,,,,,,,,,,,,,
304,,,,,,,,,,,,,,,,,,,,,,,,,,,,,,,,,,,,222.0,380.0,192.0,80.0,317.0,598.0,749.0,,0.0,0.0,40.0,0.0,130.0,1059.0,1006.0,,,,,,,,,,,,,,,,,
305,,,,,,,,,,,,,,,,,,,,,,,,,,,,,,,,,,,,222.0,380.0,192.0,80.0,317.0,598.0,749.0,,0.0,0.0,40.0,0.0,135.0,1059.0,1006.0,,,,,,,,,,,,,,,,,
306,,,,,,,,,,,,,,,,,,,,,,,,,,,,,,,,,,,,222.0,381.0,192.0,80.0,317.0,598.0,749.0,,0.0,0.0,40.0,0.0,138.0,1059.0,1012.0,,,,,,,,,,,,,,,,,
307,,,,,,,,,,,,,,,,,,,,,,,,,,,,,,,,,,,,222.0,386.0,192.0,80.0,317.0,598.0,749.0,,0.0,0.0,40.0,0.0,142.0,1059.0,1012.0,,,,,,,,,,,,,,,,,
308,,,,,,,,,,,,,,,,,,,,,,,,,,,,,,,,,,,,222.0,386.0,192.0,80.0,317.0,598.0,749.0,,0.0,0.0,40.0,0.0,151.0,1059.0,1012.0,,,,,,,,,,,,,,,,,
309,,,,,,,,,,,,,,,,,,,,,,,,,,,,,,,,,,,,222.0,386.0,192.0,80.0,317.0,598.0,749.0,,0.0,0.0,40.0,0.0,167.0,1059.0,1012.0,,,,,,,,,,,,,,,,,
310,,,,,,,,,,,,,,,,,,,,,,,,,,,,,,,,,,,,222.0,386.0,192.0,81.0,320.0,598.0,749.0,,0.0,0.0,40.0,0.0,167.0,1059.0,1015.0,,,,,,,,,,,,,,,,,
311,,,,,,,,,,,,,,,,,,,,,,,,,,,,,,,,,,,,222.0,386.0,192.0,84.0,320.0,598.0,749.0,,0.0,0.0,40.0,0.0,167.0,1059.0,1015.0,,,,,,,,,,,,,,,,,
312,,,,,,,,,,,,,,,,,,,,,,,,,,,,,,,,,,,,222.0,386.0,192.0,84.0,320.0,598.0,749.0,,0.0,0.0,40.0,0.0,167.0,1059.0,1021.0,,,,,,,,,,,,,,,,,
313,,,,,,,,,,,,,,,,,,,,,,,,,,,,,,,,,,,,222.0,386.0,192.0,84.0,320.0,598.0,749.0,,0.0,0.0,40.0,0.0,167.0,1059.0,1023.0,,,,,,,,,,,,,,,,,
314,,,,,,,,,,,,,,,,,,,,,,,,,,,,,,,,,,,,222.0,386.0,192.0,84.0,320.0,598.0,749.0,,0.0,0.0,40.0,0.0,167.0,1059.0,1023.0,,,,,,,,,,,,,,,,,
315,,,,,,,,,,,,,,,,,,,,,,,,,,,,,,,,,,,,222.0,386.0,192.0,84.0,320.0,598.0,749.0,,0.0,0.0,40.0,0.0,167.0,1059.0,1023.0,,,,,,,,,,,,,,,,,
316,,,,,,,,,,,,,,,,,,,,,,,,,,,,,,,,,,,,222.0,386.0,192.0,84.0,320.0,598.0,749.0,,0.0,0.0,40.0,0.0,167.0,1059.0,1025.0,,,,,,,,,,,,,,,,,
317,,,,,,,,,,,,,,,,,,,,,,,,,,,,,,,,,,,,222.0,386.0,192.0,84.0,320.0,598.0,749.0,,0.0,0.0,40.0,0.0,167.0,1059.0,1025.0,,,,,,,,,,,,,,,,,
318,,,,,,,,,,,,,,,,,,,,,,,,,,,,,,,,,,,,222.0,386.0,192.0,84.0,323.0,598.0,749.0,,0.0,0.0,40.0,0.0,167.0,1059.0,1025.0,,,,,,,,,,,,,,,,,
319,,,,,,,,,,,,,,,,,,,,,,,,,,,,,,,,,,,,222.0,386.0,192.0,84.0,323.0,598.0,749.0,,0.0,0.0,40.0,0.0,167.0,1059.0,1025.0,,,,,,,,,,,,,,,,,
320,,,,,,,,,,,,,,,,,,,,,,,,,,,,,,,,,,,,222.0,394.0,192.0,84.0,323.0,598.0,749.0,,0.0,0.0,40.0,0.0,167.0,1059.0,1029.0,,,,,,,,,,,,,,,,,
321,,,,,,,,,,,,,,,,,,,,,,,,,,,,,,,,,,,,222.0,399.0,192.0,84.0,323.0,598.0,749.0,,0.0,0.0,40.0,0.0,167.0,1059.0,1029.0,,,,,,,,,,,,,,,,,
322,,,,,,,,,,,,,,,,,,,,,,,,,,,,,,,,,,,,222.0,399.0,192.0,84.0,323.0,598.0,749.0,,0.0,0.0,40.0,0.0,167.0,1059.0,1029.0,,,,,,,,,,,,,,,,,
323,,,,,,,,,,,,,,,,,,,,,,,,,,,,,,,,,,,,222.0,400.0,192.0,84.0,326.0,598.0,749.0,,0.0,0.0,40.0,0.0,167.0,1059.0,1029.0,,,,,,,,,,,,,,,,,
324,,,,,,,,,,,,,,,,,,,,,,,,,,,,,,,,,,,,222.0,404.0,192.0,84.0,326.0,598.0,749.0,,0.0,0.0,40.0,0.0,167.0,1059.0,1029.0,,,,,,,,,,,,,,,,,
325,,,,,,,,,,,,,,,,,,,,,,,,,,,,,,,,,,,,222.0,404.0,192.0,84.0,326.0,598.0,749.0,,0.0,0.0,40.0,0.0,167.0,1059.0,1033.0,,,,,,,,,,,,,,,,,
326,,,,,,,,,,,,,,,,,,,,,,,,,,,,,,,,,,,,222.0,404.0,192.0,84.0,326.0,598.0,749.0,,0.0,0.0,40.0,0.0,167.0,1059.0,1037.0,,,,,,,,,,,,,,,,,
327,,,,,,,,,,,,,,,,,,,,,,,,,,,,,,,,,,,,222.0,404.0,192.0,84.0,326.0,598.0,749.0,,0.0,0.0,40.0,0.0,167.0,1059.0,1042.0,,,,,,,,,,,,,,,,,
328,,,,,,,,,,,,,,,,,,,,,,,,,,,,,,,,,,,,222.0,404.0,192.0,84.0,329.0,598.0,749.0,,0.0,0.0,40.0,0.0,167.0,1059.0,1042.0,,,,,,,,,,,,,,,,,
329,,,,,,,,,,,,,,,,,,,,,,,,,,,,,,,,,,,,222.0,404.0,192.0,84.0,329.0,607.0,749.0,,0.0,0.0,40.0,0.0,167.0,1059.0,1045.0,,,,,,,,,,,,,,,,,
330,,,,,,,,,,,,,,,,,,,,,,,,,,,,,,,,,,,,222.0,404.0,192.0,84.0,329.0,613.0,749.0,,0.0,0.0,40.0,0.0,167.0,1059.0,1045.0,,,,,,,,,,,,,,,,,
331,,,,,,,,,,,,,,,,,,,,,,,,,,,,,,,,,,,,222.0,404.0,192.0,84.0,329.0,613.0,749.0,,0.0,0.0,40.0,0.0,167.0,1059.0,1045.0,,,,,,,,,,,,,,,,,
332,,,,,,,,,,,,,,,,,,,,,,,,,,,,,,,,,,,,222.0,404.0,192.0,84.0,329.0,613.0,749.0,,0.0,0.0,40.0,0.0,167.0,1059.0,1045.0,,,,,,,,,,,,,,,,,
333,,,,,,,,,,,,,,,,,,,,,,,,,,,,,,,,,,,,222.0,404.0,192.0,84.0,329.0,613.0,749.0,,0.0,0.0,40.0,0.0,167.0,1059.0,1045.0,,,,,,,,,,,,,,,,,
334,,,,,,,,,,,,,,,,,,,,,,,,,,,,,,,,,,,,222.0,404.0,192.0,84.0,329.0,613.0,749.0,,0.0,0.0,40.0,0.0,167.0,1059.0,1045.0,,,,,,,,,,,,,,,,,
335,,,,,,,,,,,,,,,,,,,,,,,,,,,,,,,,,,,,222.0,404.0,192.0,84.0,329.0,613.0,749.0,,0.0,0.0,40.0,0.0,167.0,1059.0,1045.0,,,,,,,,,,,,,,,,,
336,,,,,,,,,,,,,,,,,,,,,,,,,,,,,,,,,,,,222.0,404.0,192.0,84.0,329.0,613.0,749.0,,0.0,0.0,40.0,0.0,167.0,1059.0,1045.0,,,,,,,,,,,,,,,,,
337,,,,,,,,,,,,,,,,,,,,,,,,,,,,,,,,,,,,222.0,404.0,192.0,84.0,329.0,613.0,749.0,,0.0,0.0,40.0,0.0,167.0,1059.0,1045.0,,,,,,,,,,,,,,,,,
338,,,,,,,,,,,,,,,,,,,,,,,,,,,,,,,,,,,,222.0,404.0,192.0,84.0,329.0,613.0,749.0,,0.0,0.0,40.0,0.0,167.0,1059.0,1045.0,,,,,,,,,,,,,,,,,
339,,,,,,,,,,,,,,,,,,,,,,,,,,,,,,,,,,,,222.0,404.0,192.0,84.0,329.0,613.0,749.0,,0.0,0.0,40.0,0.0,167.0,1059.0,1045.0,,,,,,,,,,,,,,,,,
340,,,,,,,,,,,,,,,,,,,,,,,,,,,,,,,,,,,,222.0,404.0,192.0,84.0,329.0,613.0,749.0,,0.0,0.0,40.0,0.0,167.0,1059.0,1045.0,,,,,,,,,,,,,,,,,
341,,,,,,,,,,,,,,,,,,,,,,,,,,,,,,,,,,,,227.0,404.0,192.0,84.0,329.0,613.0,749.0,,0.0,0.0,40.0,0.0,167.0,1059.0,1048.0,,,,,,,,,,,,,,,,,
342,,,,,,,,,,,,,,,,,,,,,,,,,,,,,,,,,,,,247.0,404.0,192.0,84.0,329.0,613.0,749.0,,0.0,0.0,40.0,0.0,167.0,1059.0,1048.0,,,,,,,,,,,,,,,,,
343,,,,,,,,,,,,,,,,,,,,,,,,,,,,,,,,,,,,252.0,404.0,192.0,84.0,329.0,613.0,749.0,,0.0,0.0,40.0,0.0,167.0,1064.0,1048.0,,,,,,,,,,,,,,,,,
344,,,,,,,,,,,,,,,,,,,,,,,,,,,,,,,,,,,,252.0,404.0,192.0,84.0,329.0,613.0,749.0,,0.0,0.0,40.0,0.0,167.0,1064.0,1048.0,,,,,,,,,,,,,,,,,
345,,,,,,,,,,,,,,,,,,,,,,,,,,,,,,,,,,,,254.0,404.0,192.0,84.0,329.0,613.0,749.0,,0.0,0.0,40.0,0.0,167.0,1064.0,1048.0,,,,,,,,,,,,,,,,,
346,,,,,,,,,,,,,,,,,,,,,,,,,,,,,,,,,,,,254.0,404.0,192.0,84.0,329.0,613.0,749.0,,0.0,0.0,40.0,0.0,167.0,1064.0,1048.0,,,,,,,,,,,,,,,,,
347,,,,,,,,,,,,,,,,,,,,,,,,,,,,,,,,,,,,254.0,404.0,192.0,84.0,329.0,613.0,749.0,,0.0,0.0,40.0,0.0,167.0,1064.0,1048.0,,,,,,,,,,,,,,,,,
348,,,,,,,,,,,,,,,,,,,,,,,,,,,,,,,,,,,,255.0,404.0,192.0,84.0,329.0,613.0,749.0,,0.0,0.0,40.0,0.0,167.0,1064.0,1048.0,,,,,,,,,,,,,,,,,
349,,,,,,,,,,,,,,,,,,,,,,,,,,,,,,,,,,,,261.0,404.0,192.0,84.0,329.0,613.0,749.0,,0.0,0.0,40.0,0.0,167.0,1064.0,1048.0,,,,,,,,,,,,,,,,,
350,,,,,,,,,,,,,,,,,,,,,,,,,,,,,,,,,,,,261.0,404.0,192.0,84.0,329.0,614.0,749.0,,0.0,0.0,40.0,0.0,167.0,1064.0,1048.0,,,,,,,,,,,,,,,,,
351,,,,,,,,,,,,,,,,,,,,,,,,,,,,,,,,,,,,261.0,404.0,192.0,84.0,329.0,618.0,749.0,,0.0,0.0,40.0,0.0,167.0,1064.0,1048.0,,,,,,,,,,,,,,,,,
352,,,,,,,,,,,,,,,,,,,,,,,,,,,,,,,,,,,,261.0,404.0,192.0,84.0,329.0,618.0,749.0,,0.0,0.0,40.0,0.0,167.0,1064.0,1048.0,,,,,,,,,,,,,,,,,
353,,,,,,,,,,,,,,,,,,,,,,,,,,,,,,,,,,,,261.0,404.0,192.0,84.0,329.0,618.0,749.0,,0.0,0.0,40.0,0.0,167.0,1064.0,1048.0,,,,,,,,,,,,,,,,,
354,,,,,,,,,,,,,,,,,,,,,,,,,,,,,,,,,,,,261.0,404.0,192.0,84.0,329.0,619.0,749.0,,0.0,0.0,40.0,0.0,167.0,1064.0,1048.0,,,,,,,,,,,,,,,,,
355,,,,,,,,,,,,,,,,,,,,,,,,,,,,,,,,,,,,261.0,404.0,192.0,84.0,332.0,619.0,749.0,,1.0,0.0,40.0,0.0,167.0,1064.0,1048.0,,,,,,,,,,,,,,,,,
356,,,,,,,,,,,,,,,,,,,,,,,,,,,,,,,,,,,,261.0,405.0,192.0,84.0,339.0,620.0,749.0,,9.0,0.0,40.0,0.0,167.0,1064.0,1048.0,,,,,,,,,,,,,,,,,
357,,,,,,,,,,,,,,,,,,,,,,,,,,,,,,,,,,,,266.0,410.0,192.0,84.0,346.0,627.0,749.0,,9.0,0.0,40.0,0.0,167.0,1064.0,1048.0,,,,,,,,,,,,,,,,,
358,,,,,,,,,,,,,,,,,,,,,,,,,,,,,,,,,,,,272.0,410.0,192.0,84.0,370.0,627.0,749.0,,10.0,0.0,40.0,0.0,167.0,1064.0,1048.0,,,,,,,,,,,,,,,,,
359,,,,,,,,,,,,,,,,,,,,,,,,,,,,,,,,,,,,272.0,411.0,192.0,84.0,386.0,627.0,749.0,,10.0,0.0,40.0,0.0,167.0,1064.0,1048.0,,,,,,,,,,,,,,,,,
360,,,,,,,,,,,,,,,,,,,,,,,,,,,,,,,,,,,,272.0,411.0,192.0,84.0,400.0,627.0,749.0,,10.0,0.0,40.0,0.0,167.0,1064.0,1048.0,,,,,,,,,,,,,,,,,
361,,,,,,,,,,,,,,,,,,,,,,,,,,,,,,,,,,,,272.0,415.0,192.0,84.0,402.0,627.0,749.0,,10.0,0.0,40.0,0.0,167.0,1064.0,1048.0,,,,,,,,,,,,,,,,,
362,,,,,,,,,,,,,,,,,,,,,,,,,,,,,,,,,,,,272.0,435.0,192.0,88.0,409.0,627.0,749.0,,10.0,0.0,40.0,0.0,167.0,1064.0,1048.0,,,,,,,,,,,,,,,,,
363,,,,,,,,,,,,,,,,,,,,,,,,,,,,,,,,,,,,272.0,435.0,192.0,95.0,420.0,627.0,749.0,,10.0,0.0,40.0,4.0,167.0,1064.0,1048.0,,,,,,,,,,,,,,,,,
364,,,,,,,,,,,,,,,,,,,,,,,,,,,,,,,,,,,,272.0,435.0,192.0,101.0,420.0,627.0,749.0,,10.0,0.0,40.0,6.0,167.0,1064.0,1048.0,,,,,,,,,,,,,,,,,
365,,,,,,,,,,,,,,,,,,,,,,,,,,,,,,,,,,,,272.0,435.0,204.0,125.0,425.0,627.0,749.0,,10.0,0.0,40.0,19.0,171.0,1064.0,1048.0,,,,,,,,,,,,,,,,,
366,,,,,,,,,,,,,,,,,,,,,,,,,,,,,,,,,,,,,435.0,,,,628.0,,,,0.0,,,,1064.0,,,,,,,,,,,,,,,,,,
